0,1,2,3,4,5,6,7,8,9,10,11,12,13,14,15,16,17,18,19,20,21,22,23,24,25,26,27,28,29,30,31,32,33,34,35,36,37,38,39,40,41,42,43,44,45,46,47,48,49,50,51,52,53,54,55,56,57,58,59,60,61,62,63
11.6729355,12.994658,0.0,0.0,0.0,14.451942,0.0,0.0,1.1270736,0.0,0.0,0.0,0.0,0.0,0.0,0.0,4.4630756,0.0,25.235262,0.0,0.0,9.67888,0.0,0.0,2.4577382,0.0,0.0,0.0,0.0,1.8358439,6.1805935,0.0,0.0,0.0,0.0,0.19795096,8.507346,0.0,0.0,1.6469382,0.76729745,2.4812417,6.784068,1.2831218,0.0,0.0,0.0,0.0,5.8602734,15.389342,0.0,5.20366,0.0,0.0,0.0,0.0,0.0,6.832158,0.0,0.0,0.0,0.0,0.0,9.369478
11.948198,12.608524,0.0,0.0,0.0,15.200333,0.0,0.0,0.0,0.0,0.0,0.0,0.0,0.0,0.0,0.0,2.4904776,0.0,24.370058,0.0,0.0,9.244733,0.0,0.0,2.1157663,0.0,0.0,0.0,0.0,3.0621345,5.639178,0.0,0.0,0.0,0.0,0.0,6.9879484,0.0,0.36820197,0.0,1.8950056,3.5127835,5.175419,1.4759891,0.0,0.0,0.0,0.0,5.5795574,16.923845,0.0,4.628451,0.0,0.3800019,0.0,0.0,0.0,7.9051127,0.0,0.0,0.0,0.0,0.0,10.511625
11.859114,12.108788,0.0,0.0,0.0,15.326838,0.0,0.0,0.03174363,0.0,0.0,0.0,0.0,0.0,0.0,0.0,2.2914634,0.0,23.85566,0.0,0.0,9.231333,0.0,0.0,2.3638945,0.0,0.0,0.0,0.0,3.4155486,5.1219344,0.0,0.0,0.0,0.0,0.0,6.236932,0.0,0.0,0.0,1.594636,3.3769488,4.9182196,1.3652401,0.0,0.0,0.0,0.0,5.2213736,16.789207,0.0,3.7974398,0.0,0.66440904,0.0,0.0,0.0,7.775402,0.0,0.0,0.0,0.0,0.0,10.715914
10.634133,5.592767,0.0,4.611139,0.0,16.221825,0.0,0.0,7.1236854,0.0,0.0,0.0,0.0,0.81500673,0.0,0.0,0.0,0.0,17.300167,0.0,0.0,10.889268,2.2103493,0.0,6.386766,0.0,0.0,0.0,0.0,7.174033,0.0,0.0,0.0,0.0,0.0,0.0,0.0,0.0,0.0,2.7111154,0.0,0.39353314,0.048219033,0.0,0.0,0.0,0.0,0.0,0.0768273,11.731423,0.0,0.0,0.8575564,5.500445,0.0,0.0,0.0,0.4170595,0.0,0.0,0.0,0.0,0.81980455,9.725417
2.9868422,0.0,38.777657,15.943755,0.0,15.030707,49.785934,0.0,24.050943,9.718015,0.0,0.0,0.0,66.770615,0.0,0.0,0.0,0.0,0.0,0.0,0.0,11.596608,19.452505,15.009796,27.400341,0.0,0.0,0.0,0.0,32.514805,0.0,14.078307,0.0,0.0,0.0,0.0,0.0,0.0,0.0,0.0,0.0,4.800351,0.0,0.0,0.0,0.0,28.78435,0.0,0.0,0.0,2.272175,0.0,12.883152,39.56012,0.0,59.425636,0.0,0.0,8.021333,0.0,0.0,0.0,37.79695,12.51645
8.058269,0.0,5.950768,7.940146,0.0,14.821368,7.7120996,0.0,13.181887,0.0,0.0,0.0,0.0,21.362268,0.0,0.0,0.0,0.0,0.31620908,0.0,0.0,10.86282,7.7338085,0.0,13.654472,0.0,0.0,0.0,0.0,14.674791,0.0,0.0,0.0,0.0,0.0,0.0,0.0,0.0,0.0,0.6784635,0.0,0.66671026,0.0,0.0,0.0,0.0,1.2017386,0.0,0.0,6.2120323,0.0,0.0,4.8691964,15.689846,0.0,16.893127,0.0,0.0,1.4163082,0.0,0.0,0.0,11.943148,10.69725
9.914339,3.71054,0.0,3.3569813,0.0,15.095968,0.0,0.0,5.9785423,0.0,0.0,0.0,0.0,4.358235,0.0,0.0,0.0,0.0,13.600232,0.0,0.0,10.278503,3.033186,0.0,7.9132404,0.0,0.0,0.0,0.0,8.520262,0.0,0.0,0.0,0.0,0.0,0.0,0.0,0.0,0.0,0.68760574,0.0,1.3738543,0.0,0.0,0.0,0.0,0.0,0.0,0.0,11.350343,0.0,0.0,1.0751846,6.825983,0.0,2.3440022,0.0,0.57053804,0.0,0.0,0.0,0.0,1.5543576,11.383686
11.38469,8.170853,0.0,2.064007,0.0,16.553362,0.0,0.0,4.4439964,0.0,0.0,0.0,0.0,0.0,0.0,0.0,0.25616932,0.0,19.977049,0.0,0.0,10.12518,0.75909066,0.0,4.6165056,0.0,0.0,0.0,0.0,6.0307627,0.0,0.0,0.0,0.0,0.0,0.0,0.0,0.0,0.0,1.3126482,0.0,1.2416711,1.8950362,0.0,0.0,0.0,0.0,0.0,1.6747566,14.091394,0.0,0.0,0.0,3.8076134,0.0,0.0,0.0,3.408815,0.0,0.0,0.0,0.0,0.0,10.20275
12.703592,16.63915,0.0,0.0,0.0,13.300588,0.0,0.0,0.0,0.0,0.0,0.0,0.0,0.0,0.0,0.0,3.8830032,0.0,27.932232,0.0,0.0,6.322381,0.0,0.0,1.4844115,0.0,0.0,3.8485856,0.0,0.0,11.20749,0.0,0.0,0.0,0.0,0.4561153,12.398504,0.0,4.4360714,0.0,4.4300795,3.6343164,7.06681,2.4959064,0.0,0.0,0.0,0.0,9.519447,18.167757,0.0,12.422177,0.0,0.0,0.0,0.0,0.0,9.578705,0.0,0.0,0.0,0.0,0.0,9.359679
11.483972,9.937728,0.0,0.0,0.0,15.889131,0.0,0.0,0.9441824,0.0,0.0,0.0,0.0,0.0,0.0,0.0,1.4208021,0.0,21.738394,0.0,0.0,9.324195,0.0,0.0,3.4339964,0.0,0.0,0.0,0.0,4.906412,2.6982255,0.0,0.0,0.0,0.0,0.0,2.8662574,0.0,0.0,0.0,0.17500171,2.7464995,3.7296174,0.81698966,0.0,0.0,0.0,0.0,3.6343622,16.09568,0.0,0.0,0.0,1.9769071,0.0,0.0,0.0,6.9464974,0.0,0.0,0.0,0.0,0.0,11.399259
9.707239,0.0,0.0,8.709569,0.0,17.159357,0.0,0.0,13.332306,0.0,0.0,0.0,0.0,11.027527,0.0,0.0,0.0,0.0,10.595411,0.0,0.0,13.19526,5.70142,0.0,9.726222,0.0,0.0,0.0,0.0,11.792691,0.0,0.0,0.0,0.0,0.0,0.0,0.0,0.0,0.0,4.011516,0.0,0.0,0.0,0.0,0.0,0.0,0.0,0.0,0.0,8.276118,0.0,0.0,3.4818323,12.417473,0.0,8.720559,0.0,0.0,1.7590126,0.0,0.0,0.0,8.169948,8.857361
6.300302,0.0,17.601267,12.584949,0.0,15.321441,22.128716,0.0,17.985487,3.6360025,0.0,0.0,0.0,37.94101,0.0,0.0,0.0,0.0,0.0,0.0,0.0,11.506086,12.451895,4.857132,18.960646,0.0,0.0,0.0,0.0,20.97988,0.0,0.21706665,0.0,0.0,0.0,0.0,0.0,0.0,0.0,0.0,0.0,1.0831648,0.0,0.0,0.0,0.0,10.966584,0.0,0.0,2.840524,0.0,0.0,8.122226,23.933811,0.0,31.005482,0.0,0.0,4.843193,0.0,0.0,0.0,22.095234,10.836983
8.070002,0.0,3.7853048,6.030151,0.0,14.887706,6.334001,0.0,10.977715,0.0,0.0,0.0,0.0,19.610853,0.0,0.0,0.0,0.0,1.7211224,0.0,0.0,11.119378,7.0137734,0.0,12.774292,0.0,0.0,0.0,0.0,14.9453,0.0,0.0,0.0,0.0,0.0,0.0,0.0,0.0,0.0,0.0,0.0,2.5167763,0.0,0.0,0.0,0.0,0.5218137,0.0,0.0,7.6691303,0.0,0.0,4.1677184,15.622407,0.0,16.400974,0.0,0.0,0.0,0.0,0.0,0.0,10.199364,12.061424
10.159359,12.952419,0.0,1.4834032,0.0,8.595949,0.0,4.3883853,5.7318964,0.0,0.0,0.0,2.9428403,0.0,0.0,0.0,7.8908587,0.0,19.813501,0.07278943,0.0,3.8007276,0.0,0.0,3.8921432,0.14175957,1.8045927,0.0,0.0,0.0,6.254361,0.0,0.0,0.0,0.0,4.7864766,8.044346,0.0,0.0,5.9074063,0.0,0.0,9.200216,0.14583373,0.0,0.0,0.0,0.0,2.4736478,8.445457,0.0,4.456426,0.0,0.0,0.0,0.0,0.0,3.2609627,0.0,0.0,0.0,0.0,0.0,3.4865787
9.52781,5.7351756,0.0,3.4952476,0.0,12.14302,0.0,0.0,7.3439384,0.0,0.0,0.0,0.0,1.1102741,0.0,0.0,1.7870522,0.0,13.283176,0.0,0.0,7.453976,2.1037881,0.0,7.028956,0.0,0.0,0.0,0.0,4.0692463,0.0,0.0,0.0,0.0,0.0,0.0,0.0,0.0,0.0,3.6993594,0.0,0.0,1.5586714,0.0,0.0,0.0,0.0,0.0,0.0,8.567941,0.0,0.0,0.9094088,2.6093833,0.0,0.0,0.0,0.089036636,0.0,0.0,0.0,0.0,0.10645075,7.6725073
10.672301,0.0,2.9739373,6.2656174,0.0,19.087372,6.394199,0.0,12.760064,0.0,0.0,0.0,0.0,23.115759,0.0,0.0,0.0,0.0,3.9117842,0.0,0.0,14.321957,8.301018,0.0,15.826589,0.0,0.0,0.0,0.0,18.769709,0.0,0.0,0.0,0.0,0.0,0.0,0.0,0.0,0.0,0.0,0.0,4.0154934,0.0,0.0,0.0,0.0,0.0,0.0,0.0,10.920853,0.0,0.0,4.721017,19.316858,0.0,19.730314,0.0,0.0,0.0,0.0,0.0,0.0,11.357648,16.332687
11.502569,11.901516,0.0,0.030123867,0.0,14.796742,0.0,0.0,1.4163189,0.0,0.0,0.0,0.0,0.0,0.0,0.0,3.9842243,0.0,24.142048,0.0,0.0,9.736126,0.0,0.0,2.9515276,0.0,0.0,0.0,0.0,2.6689575,4.98985,0.0,0.0,0.0,0.0,0.0,6.82803,0.0,0.0,1.504146,0.17077465,2.2511811,6.1717906,1.0435297,0.0,0.0,0.0,0.0,5.0703626,15.159898,0.0,3.363824,0.0,0.0,0.0,0.0,0.0,6.564733,0.0,0.0,0.0,0.0,0.0,9.837344
7.8284,0.0,7.781204,9.290083,0.0,15.617966,9.656267,0.0,14.472222,0.7904707,0.0,0.0,0.0,24.05807,0.0,0.0,0.0,0.0,0.0,0.0,0.0,11.88476,8.670677,0.0,14.270121,0.0,0.0,0.0,0.0,16.32187,0.0,0.0,0.0,0.0,0.0,0.0,0.0,0.0,0.0,0.72201,0.0,1.2494034,0.0,0.0,0.0,0.0,2.845567,0.0,0.0,5.93392,0.0,0.0,5.431534,17.950788,0.0,19.789635,0.0,0.0,2.3056164,0.0,0.0,0.0,14.151212,10.668593
9.410709,0.49268603,0.0,4.5679655,0.0,15.35928,0.0,0.0,8.497134,0.0,0.0,0.0,0.0,9.899837,0.0,0.0,0.0,0.0,9.6553755,0.0,0.0,10.972701,4.4982657,0.0,9.729555,0.0,0.0,0.0,0.0,11.110896,0.0,0.0,0.0,0.0,0.0,0.0,0.0,0.0,0.0,0.2633245,0.0,1.6887344,0.0,0.0,0.0,0.0,0.0,0.0,0.0,9.885327,0.0,0.0,2.3754084,10.424512,0.0,7.584113,0.0,0.0,0.0,0.0,0.0,0.0,4.825225,11.599769
1.3939803,0.0,48.15715,21.28044,0.0,14.078457,61.03614,0.0,28.14452,12.208387,3.1670716,0.0,0.0,79.65068,0.0,0.0,0.0,0.0,0.0,0.0,0.0,10.1842785,23.65026,19.856787,32.18125,0.0,0.0,0.0,0.0,35.165302,0.0,21.680525,0.0,0.0,0.0,0.0,0.0,0.0,0.0,0.0,0.0,1.5217205,0.0,0.0,0.0,0.0,36.10244,0.0,0.0,0.0,5.9311223,0.0,15.680875,43.097393,0.0,66.91706,0.0,0.0,12.183796,0.0,0.0,0.0,46.004253,10.913933
17.227207,0.0,5.0022216,10.829158,0.0,30.832697,10.120305,0.0,21.121058,0.0,0.0,0.0,0.0,37.256924,0.0,0.0,0.0,0.0,6.355772,0.0,0.0,23.123741,13.528736,0.0,25.487585,0.0,0.0,0.0,0.0,30.048527,0.0,0.0,0.0,0.0,0.0,0.0,0.0,0.0,0.0,0.0,0.0,5.903619,0.0,0.0,0.0,0.0,0.0,0.0,0.0,17.17025,0.0,0.0,7.763297,30.960337,0.0,31.433702,0.0,0.0,0.0,0.0,0.0,0.0,18.706846,25.757162
4.0638266,0.0,29.042418,13.262189,0.0,18.95188,41.67818,0.0,18.540201,7.8127236,0.0,0.0,0.0,60.923298,0.0,0.0,0.0,0.0,0.0,0.0,0.0,15.97008,18.035473,9.656425,24.855036,0.0,0.0,0.0,0.0,35.633972,0.0,3.0888135,0.0,0.0,0.0,0.0,0.0,0.0,0.0,0.0,0.0,11.310951,0.0,0.0,0.0,0.0,25.118052,0.0,0.0,4.5991898,0.0,0.0,11.146899,41.168793,0.0,56.780666,0.0,0.0,4.235843,0.0,0.0,0.0,33.707172,18.058546
9.247152,0.074715115,0.0,3.8240376,0.0,15.194496,0.0,0.0,7.900042,0.0,0.0,0.0,0.0,10.415191,0.0,0.0,0.0,0.0,9.180134,0.0,0.0,11.007484,4.4787855,0.0,9.812227,0.0,0.0,0.0,0.0,11.577078,0.0,0.0,0.0,0.0,0.0,0.0,0.0,0.0,0.0,0.0,0.0,2.6023147,0.0,0.0,0.0,0.0,0.0,0.0,0.0,10.256293,0.0,0.0,2.2442687,10.963068,0.0,8.616453,0.0,0.0,0.0,0.0,0.0,0.0,4.761086,12.1951885
10.313216,7.6570835,0.0,3.306815,0.0,12.794523,0.0,0.2625472,6.6403255,0.0,0.0,0.0,0.85075074,0.0,0.0,0.0,3.6806123,0.0,16.132977,0.0,0.0,7.6021705,1.4553616,0.0,6.5155563,0.0,0.0,0.0,0.0,2.9701989,0.0,0.0,0.0,0.0,0.0,0.0,0.0,0.0,0.0,4.3873196,0.0,0.0,4.0922256,0.0,0.0,0.0,0.0,0.0,0.0,9.683049,0.0,0.0,0.32158437,0.8238552,0.0,0.0,0.0,1.5906502,0.0,0.0,0.0,0.0,0.0,7.860842
3.3397493,0.0,35.91172,17.512064,0.0,14.532038,45.465336,0.0,23.937809,8.790623,0.0,0.0,0.0,62.773403,0.0,0.0,0.0,0.0,0.0,0.0,0.0,10.767837,19.103846,13.76042,26.751877,0.0,0.0,0.0,0.0,29.503883,0.0,13.065073,0.0,0.0,0.0,0.0,0.0,0.0,0.0,0.0,0.0,1.5851119,0.0,0.0,0.0,0.0,26.06506,0.0,0.0,0.0,3.1552818,0.0,12.526638,35.562656,0.0,52.72377,0.0,0.0,9.120206,0.0,0.0,0.0,36.30463,10.938667
7.2128487,0.0,9.09739,8.188817,0.0,14.766043,12.858009,0.0,13.138656,1.1383758,0.0,0.0,0.0,27.184021,0.0,0.0,0.0,0.0,0.0,0.0,0.0,11.309412,9.295828,1.507406,15.526446,0.0,0.0,0.0,0.0,17.50941,0.0,0.0,0.0,0.0,0.0,0.0,0.0,0.0,0.0,0.0,0.0,2.478858,0.0,0.0,0.0,0.0,5.0912313,0.0,0.0,5.9725122,0.0,0.0,5.5470724,19.014513,0.0,22.350027,0.0,0.0,1.5956627,0.0,0.0,0.0,14.824037,12.197758
9.451716,5.242029,0.0,3.5333657,0.0,12.229092,0.0,0.0,7.4690027,0.0,0.0,0.0,0.0,1.9358317,0.0,0.0,1.2401396,0.0,12.746518,0.0,0.0,7.6170926,2.3148425,0.0,7.297149,0.0,0.0,0.0,0.0,4.5703225,0.0,0.0,0.0,0.0,0.0,0.0,0.0,0.0,0.0,3.4200945,0.0,0.0,0.8520103,0.0,0.0,0.0,0.0,0.0,0.0,8.529579,0.0,0.0,1.0444657,3.2071345,0.0,0.0,0.0,0.0,0.0,0.0,0.0,0.0,0.5172777,7.9207253
9.193952,0.0,0.0,6.4829307,0.0,15.625562,0.0,0.0,10.6761,0.0,0.0,0.0,0.0,12.220747,0.0,0.0,0.0,0.0,8.296018,0.0,0.0,11.58647,5.3685265,0.0,10.733442,0.0,0.0,0.0,0.0,11.985733,0.0,0.0,0.0,0.0,0.0,0.0,0.0,0.0,0.0,1.4064896,0.0,0.9382665,0.0,0.0,0.0,0.0,0.0,0.0,0.0,8.42566,0.0,0.0,3.2573605,11.667629,0.0,8.832719,0.0,0.0,0.0,0.0,0.0,0.0,6.84502,11.076478
9.629209,6.5668373,0.0,3.394467,0.0,11.92921,0.0,0.0,7.093625,0.0,0.0,0.0,0.39132127,0.0,0.0,0.0,2.7451696,0.0,14.141683,0.0,0.0,7.1379833,1.7411906,0.0,6.573173,0.0,0.0,0.0,0.0,3.1829894,0.0,0.0,0.0,0.0,0.0,0.0,0.0,0.0,0.0,4.1586866,0.0,0.0,2.7765164,0.0,0.0,0.0,0.0,0.0,0.0,8.602646,0.0,0.0,0.6693046,1.5576355,0.0,0.0,0.0,0.5905277,0.0,0.0,0.0,0.0,0.0,7.241653
4.7016597,0.0,24.20015,14.911569,0.0,14.28862,30.819834,0.0,19.818424,6.2078176,0.0,0.0,0.0,47.39328,0.0,0.0,0.0,0.0,0.0,0.0,0.0,11.041353,15.182841,8.234377,22.310472,0.0,0.0,0.0,0.0,23.756746,0.0,5.0089025,0.0,0.0,0.0,0.0,0.0,0.0,0.0,0.0,0.0,1.1474351,0.0,0.0,0.0,0.0,17.137468,0.0,0.0,0.43872866,0.0025323331,0.0,9.618611,27.624088,0.0,38.227547,0.0,0.0,6.9292374,0.0,0.0,0.0,27.662329,10.958642
5.8089786,0.0,18.053795,9.382801,0.0,17.593773,27.121431,0.0,14.615295,3.9886634,0.0,0.0,0.0,43.894123,0.0,0.0,0.0,0.0,0.0,0.0,0.0,14.27455,13.324686,5.134491,19.75339,0.0,0.0,0.0,0.0,27.762463,0.0,0.0,0.0,0.0,0.0,0.0,0.0,0.0,0.0,0.0,0.0,8.80256,0.0,0.0,0.0,0.0,14.957569,0.0,0.0,6.701179,0.0,0.0,8.0863495,31.239874,0.0,40.873188,0.0,0.0,1.6402192,0.0,0.0,0.0,23.563438,16.517664
4.0627437,0.0,3.5299253,3.214018,0.0,7.9129295,5.6140265,0.0,6.0876336,0.0,0.0,0.0,0.0,12.827647,0.0,0.0,0.0,0.0,0.0,0.0,0.0,5.9753866,4.316799,0.34144622,7.6475954,0.0,0.0,0.0,0.0,8.981786,0.0,0.0,0.0,0.0,0.0,0.0,0.0,0.0,0.0,0.0,0.0,1.8372728,0.0,0.0,0.0,0.0,1.7347634,0.0,0.0,4.0120597,0.0,0.0,2.504434,9.627507,0.0,11.058994,0.0,0.0,0.0,0.0,0.0,0.0,6.550336,6.9349174
10.170889,3.9119925,0.0,1.6139491,0.0,15.519274,0.0,0.0,4.9624467,0.0,0.0,0.0,0.0,4.229137,0.0,0.0,0.0,0.0,13.889808,0.0,0.0,10.245645,2.4934394,0.0,7.261943,0.0,0.0,0.0,0.0,9.161378,0.0,0.0,0.0,0.0,0.0,0.0,0.0,0.0,0.0,0.0,0.0,2.9105206,0.0,0.0,0.0,0.0,0.0,0.0,0.2122893,12.793628,0.0,0.0,0.7659867,7.694261,0.0,4.313637,0.0,1.4533976,0.0,0.0,0.0,0.0,0.81719565,12.049523
12.308071,14.9197855,0.0,0.0,0.0,14.095246,0.0,0.0,0.0,0.0,0.0,0.0,0.0,0.0,0.0,0.0,3.2331614,0.0,26.706915,0.0,0.0,7.9577656,0.0,0.0,1.4896549,0.0,0.0,0.8733185,0.0,0.90783364,8.897158,0.0,0.0,0.0,0.0,0.36760584,10.415462,0.0,2.717124,0.0,3.4627688,3.7740254,6.266377,2.1338344,0.0,0.0,0.0,0.0,7.6545687,17.655916,0.0,9.0413065,0.0,0.0,0.0,0.0,0.0,8.794861,0.0,0.0,0.0,0.0,0.0,9.636897
7.354047,0.0,9.437303,9.14613,0.0,15.141313,12.604503,0.0,14.135389,1.2376659,0.0,0.0,0.0,27.219582,0.0,0.0,0.0,0.0,0.0,0.0,0.0,11.489644,9.414696,1.2969332,15.534173,0.0,0.0,0.0,0.0,17.405766,0.0,0.0,0.0,0.0,0.0,0.0,0.0,0.0,0.0,0.0,0.0,1.7499619,0.0,0.0,0.0,0.0,4.831365,0.0,0.0,5.5488997,0.0,0.0,5.8299713,18.994484,0.0,22.115902,0.0,0.0,2.2141922,0.0,0.0,0.0,15.318701,11.549365
5.7184763,0.0,22.91448,11.160998,0.0,20.369188,34.454754,0.0,16.550035,5.6470118,0.0,0.0,0.0,54.193523,0.0,0.0,0.0,0.0,0.0,0.0,0.0,16.994623,16.197437,6.7349114,23.42507,0.0,0.0,0.0,0.0,34.27126,0.0,0.0,0.0,0.0,0.0,0.0,0.0,0.0,0.0,0.0,0.0,11.782884,0.0,0.0,0.0,0.0,20.156616,0.0,0.0,7.362392,0.0,0.0,9.785002,38.51396,0.0,50.935684,0.0,0.0,2.1621444,0.0,0.0,0.0,29.270206,19.78338
10.146922,12.316536,0.0,1.9834056,0.0,9.257113,0.0,3.5433214,5.998014,0.0,0.0,0.0,3.3514035,0.0,0.0,0.0,7.813872,0.0,19.384407,0.0,0.0,4.9152684,0.12919015,0.0,3.903436,0.0,0.5508679,0.0,0.0,0.0,5.1096096,0.0,0.0,0.0,0.0,4.216399,6.604413,0.0,0.0,6.4572225,0.0,0.0,8.974529,0.06581033,0.0,0.0,0.0,0.0,1.9258564,8.501702,0.0,2.6223745,0.0,0.0,0.0,0.0,0.0,2.7321668,0.0,0.0,0.0,0.0,0.0,3.711583
4.4600086,0.0,28.154427,14.359624,0.0,14.541116,36.350002,0.0,20.46022,6.38631,0.0,0.0,0.0,52.626923,0.0,0.0,0.0,0.0,0.0,0.0,0.0,10.766934,16.190523,10.403644,23.49171,0.0,0.0,0.0,0.0,26.162794,0.0,7.507906,0.0,0.0,0.0,0.0,0.0,0.0,0.0,0.0,0.0,2.0999403,0.0,0.0,0.0,0.0,20.07321,0.0,0.0,0.39745238,0.8820535,0.0,10.461528,30.8784,0.0,44.288795,0.0,0.0,6.605862,0.0,0.0,0.0,29.894972,11.5536375
2.3750143,0.0,38.322968,21.390799,0.0,13.876351,47.506252,0.0,26.171654,11.031991,0.46489906,0.0,0.0,66.35002,0.0,0.0,0.0,0.0,0.0,0.0,0.0,10.905305,20.803305,14.505687,28.744041,0.0,0.0,0.0,0.0,29.609762,0.0,15.247582,0.0,0.0,0.0,0.0,0.0,0.0,0.0,0.14257663,0.0,0.0,0.0,0.0,0.0,0.0,28.453556,0.0,0.0,0.0,3.866225,0.0,13.458513,35.67786,0.0,52.92657,0.0,0.0,12.044734,0.0,0.0,0.0,39.7957,9.784433
10.662038,7.145174,0.0,1.5729518,0.0,15.445286,0.0,0.0,3.3918214,0.0,0.0,0.0,0.0,0.0,0.0,0.0,0.6106727,0.0,18.635105,0.0,0.0,10.027248,1.0986223,0.0,5.457511,0.0,0.0,0.0,0.0,6.270455,0.0,0.0,0.0,0.0,0.0,0.0,0.0,0.0,0.0,0.42706186,0.0,2.0820124,1.65394,0.0,0.0,0.0,0.0,0.0,2.0729885,13.726188,0.0,0.0,0.0,3.803645,0.0,0.0,0.0,4.067567,0.0,0.0,0.0,0.0,0.0,11.281181
12.523621,17.438482,0.0,0.0,0.0,11.724344,0.0,2.2246697,1.2480159,0.0,0.0,0.0,0.0,0.0,0.0,0.0,7.3947487,0.0,27.435572,0.0,0.0,4.5520725,0.0,0.0,3.5311303,0.06617591,0.051942665,3.9011626,0.0,0.0,11.892097,0.0,0.0,0.0,0.0,1.6694548,14.295905,0.0,3.706809,0.2625547,0.9660774,0.0,10.220485,1.5569156,0.0,0.0,0.0,0.0,9.722241,14.906376,0.0,13.642624,0.0,0.0,0.0,0.0,0.0,8.148217,0.0,0.0,0.0,0.0,0.0,8.131106
3.378762,0.0,2.6828518,3.0310247,0.0,6.5638556,3.991925,0.0,5.2967873,0.0,0.0,0.0,0.0,9.957685,0.0,0.0,0.0,0.0,0.0,0.0,0.0,4.9052634,3.4403973,0.063551106,6.0680056,0.0,0.0,0.0,0.0,7.033941,0.0,0.0,0.0,0.0,0.0,0.0,0.0,0.0,0.0,0.0,0.0,1.0718718,0.0,0.0,0.0,0.0,1.0342672,0.0,0.0,3.073126,0.0,0.0,2.1052873,7.5164604,0.0,8.354165,0.0,0.0,0.2449883,0.0,0.0,0.0,5.293703,5.2792306
11.401348,10.497638,0.0,3.8860648,0.0,15.525359,0.0,0.111242145,4.6304345,0.0,0.0,0.0,1.8922397,0.0,0.0,0.0,4.7136846,0.0,22.714401,0.0,0.0,9.941437,0.7863891,0.0,4.136733,0.0,0.0,0.0,0.0,2.8990264,2.4235065,0.0,0.0,0.0,0.0,0.15326358,4.204517,0.0,0.0,4.7765317,0.0,0.0,6.890033,0.12712727,0.0,0.0,0.0,0.0,2.2900782,12.770978,0.0,0.0,0.0,0.0061102193,0.0,0.0,0.0,3.8093169,0.0,0.0,0.0,0.0,0.0,8.439741
14.682866,0.0,4.457583,9.193796,0.0,26.343908,8.935952,0.0,18.04315,0.0,0.0,0.0,0.0,32.1246,0.0,0.0,0.0,0.0,5.210695,0.0,0.0,19.776314,11.618806,0.0,21.868126,0.0,0.0,0.0,0.0,25.825132,0.0,0.0,0.0,0.0,0.0,0.0,0.0,0.0,0.0,0.0,0.0,5.1664615,0.0,0.0,0.0,0.0,0.0,0.0,0.0,14.695795,0.0,0.0,6.6585245,26.64838,0.0,27.195324,0.0,0.0,0.0,0.0,0.0,0.0,16.093729,22.103558
6.7224603,0.0,16.479675,13.56409,0.0,16.475311,20.161003,0.0,18.712278,3.4777539,0.0,0.0,0.0,36.596,0.0,0.0,0.0,0.0,0.0,0.0,0.0,12.490742,12.285878,3.5410826,18.32054,0.0,0.0,0.0,0.0,21.114517,0.0,0.0,0.0,0.0,0.0,0.0,0.0,0.0,0.0,0.82886064,0.0,0.9809579,0.0,0.0,0.0,0.0,9.791914,0.0,0.0,3.1531112,0.0,0.0,8.195477,24.070648,0.0,30.041307,0.0,0.0,5.2020006,0.0,0.0,0.0,22.053429,10.504543
11.568191,12.207106,0.0,0.0,0.0,14.721331,0.0,0.0,1.0954974,0.0,0.0,0.0,0.0,0.0,0.0,0.0,3.9617724,0.0,24.41909,0.0,0.0,9.688004,0.0,0.0,2.780739,0.0,0.0,0.0,0.0,2.5369706,5.3678236,0.0,0.0,0.0,0.0,0.0,7.2703304,0.0,0.0,1.2338899,0.56793785,2.5412383,6.1935053,1.1511756,0.0,0.0,0.0,0.0,5.3960185,15.434611,0.0,4.030151,0.0,0.0,0.0,0.0,0.0,6.8512244,0.0,0.0,0.0,0.0,0.0,9.895
5.5103045,0.0,24.555748,11.525465,0.0,20.876785,36.980907,0.0,16.92124,6.16555,0.0,0.0,0.0,57.28424,0.0,0.0,0.0,0.0,0.0,0.0,0.0,17.498854,16.991243,7.4444294,24.356848,0.0,0.0,0.0,0.0,36.051804,0.0,0.0,0.0,0.0,0.0,0.0,0.0,0.0,0.0,0.0,0.0,12.68662,0.0,0.0,0.0,0.0,21.906221,0.0,0.0,7.397787,0.0,0.0,10.28509,40.572956,0.0,54.050148,0.0,0.0,2.2801816,0.0,0.0,0.0,30.904636,20.566881
9.790604,7.8747845,0.0,3.1412039,0.0,11.589384,0.0,0.98600423,6.6111712,0.0,0.0,0.0,1.351808,0.0,0.0,0.0,4.210406,0.0,15.481905,0.0,0.0,6.6288023,1.1526139,0.0,5.8506823,0.0,0.0,0.0,0.0,1.8172239,0.0,0.0,0.0,0.0,0.0,0.0,0.0,0.0,0.0,4.7769003,0.0,0.0,4.6527944,0.0,0.0,0.0,0.0,0.0,0.0,8.724199,0.0,0.0,0.26830545,0.0,0.0,0.0,0.0,1.4571204,0.0,0.0,0.0,0.0,0.0,6.6329927
4.5619326,0.0,27.93817,15.0309515,0.0,14.6794815,35.708107,0.0,20.934246,6.3962183,0.0,0.0,0.0,52.257843,0.0,0.0,0.0,0.0,0.0,0.0,0.0,10.830746,16.211535,10.18558,23.501106,0.0,0.0,0.0,0.0,25.852425,0.0,7.4485946,0.0,0.0,0.0,0.0,0.0,0.0,0.0,0.0,0.0,1.4959261,0.0,0.0,0.0,0.0,19.680086,0.0,0.0,0.08672778,1.1333401,0.0,10.57537,30.457771,0.0,43.438763,0.0,0.0,7.007604,0.0,0.0,0.0,29.992172,11.183394
10.942611,7.495428,0.0,0.1260361,0.0,15.716032,0.0,0.0,2.5036469,0.0,0.0,0.0,0.0,0.0,0.0,0.0,0.0,0.0,18.551186,0.0,0.0,9.687707,0.73614794,0.0,4.9793305,0.0,0.0,0.0,0.0,6.6313486,0.0,0.0,0.0,0.0,0.0,0.0,0.0,0.0,0.0,0.0,0.0,2.8629446,0.81681633,0.0,0.0,0.0,0.0,0.0,2.2770672,14.791505,0.0,0.0,0.0,4.2895913,0.0,0.0,0.0,4.779845,0.0,0.0,0.0,0.0,0.0,11.700991
6.5404234,0.0,15.754345,11.71297,0.0,15.220923,20.190006,0.0,16.984024,2.9086099,0.0,0.0,0.0,35.656166,0.0,0.0,0.0,0.0,0.0,0.0,0.0,11.278707,11.7184105,4.263014,18.242292,0.0,0.0,0.0,0.0,20.170021,0.0,0.0,0.0,0.0,0.0,0.0,0.0,0.0,0.0,0.0,0.0,1.1589535,0.0,0.0,0.0,0.0,9.568337,0.0,0.0,3.427624,0.0,0.0,7.6531634,22.725466,0.0,29.023964,0.0,0.0,4.1274543,0.0,0.0,0.0,20.479406,11.085472
11.266273,10.436484,0.0,2.0209556,0.0,15.2134695,0.0,0.0,2.8977432,0.0,0.0,0.0,0.64636743,0.0,0.0,0.0,4.0110645,0.0,22.689636,0.0,0.0,9.891588,0.46099406,0.0,3.8937697,0.0,0.0,0.0,0.0,3.3051229,3.0723214,0.0,0.0,0.0,0.0,0.0,4.5700173,0.0,0.0,2.8107505,0.0,0.65655047,6.0651584,0.47193947,0.0,0.0,0.0,0.0,3.2861173,13.9538355,0.0,0.07223034,0.0,0.3958773,0.0,0.0,0.0,5.2581987,0.0,0.0,0.0,0.0,0.0,9.610167
8.156694,0.0,3.892547,5.8494744,0.0,15.025915,6.660836,0.0,10.943479,0.0,0.0,0.0,0.0,20.062561,0.0,0.0,0.0,0.0,1.570059,0.0,0.0,11.2468605,7.1117034,0.0,13.037816,0.0,0.0,0.0,0.0,15.271425,0.0,0.0,0.0,0.0,0.0,0.0,0.0,0.0,0.0,0.0,0.0,2.7768795,0.0,0.0,0.0,0.0,0.6747693,0.0,0.0,7.8926806,0.0,0.0,4.1852436,15.96167,0.0,16.903107,0.0,0.0,0.0,0.0,0.0,0.0,10.285369,12.457296
9.9767885,3.7063537,0.0,2.8824115,0.0,15.348095,0.0,0.0,5.7603493,0.0,0.0,0.0,0.0,4.1183186,0.0,0.0,0.0,0.0,14.056456,0.0,0.0,10.535251,2.78511,0.0,7.5990734,0.0,0.0,0.0,0.0,8.811344,0.0,0.0,0.0,0.0,0.0,0.0,0.0,0.0,0.0,0.07968859,0.0,2.169813,0.0,0.0,0.0,0.0,0.0,0.0,0.008279729,11.902265,0.0,0.0,0.9407047,7.245817,0.0,3.0739834,0.0,0.82196504,0.0,0.0,0.0,0.0,1.3569971,11.609057
4.0462584,0.0,31.323784,15.225355,0.0,14.575211,40.203354,0.0,21.679264,7.268594,0.0,0.0,0.0,56.79766,0.0,0.0,0.0,0.0,0.0,0.0,0.0,10.7911005,17.303068,11.833925,24.781452,0.0,0.0,0.0,0.0,27.687922,0.0,9.684015,0.0,0.0,0.0,0.0,0.0,0.0,0.0,0.0,0.0,2.213959,0.0,0.0,0.0,0.0,22.549847,0.0,0.0,0.0,1.6558783,0.0,11.237055,32.98881,0.0,48.097256,0.0,0.0,7.335393,0.0,0.0,0.0,32.329735,11.534134
3.8069656,0.0,2.7948165,3.334737,0.0,7.3268695,4.1906514,0.0,5.844424,0.0,0.0,0.0,0.0,10.835965,0.0,0.0,0.0,0.0,0.0,0.0,0.0,5.486498,3.776922,0.0,6.683747,0.0,0.0,0.0,0.0,7.7473893,0.0,0.0,0.0,0.0,0.0,0.0,0.0,0.0,0.0,0.0,0.0,1.1855118,0.0,0.0,0.0,0.0,0.98876214,0.0,0.0,3.479165,0.0,0.0,2.2947514,8.254466,0.0,9.07401,0.0,0.0,0.23791575,0.0,0.0,0.0,5.7614923,5.876687
10.749821,8.007666,0.0,2.127378,0.0,15.198635,0.0,0.0,3.3009706,0.0,0.0,0.0,0.0,0.0,0.0,0.0,2.122304,0.0,19.329556,0.0,0.0,9.667264,1.0211215,0.0,5.3162317,0.0,0.0,0.0,0.0,5.218442,0.0,0.0,0.0,0.0,0.0,0.0,0.0,0.0,0.0,1.5438946,0.0,0.923562,3.5476198,0.0,0.0,0.0,0.0,0.0,2.0030966,13.336055,0.0,0.0,0.0,2.375313,0.0,0.0,0.0,4.3969727,0.0,0.0,0.0,0.0,0.0,10.787869
9.34452,4.119747,0.0,3.594319,0.0,12.625298,0.0,0.0,7.68066,0.0,0.0,0.0,0.0,3.8221579,0.0,0.0,0.0,0.0,11.701346,0.0,0.0,8.134281,2.7913926,0.0,7.891214,0.0,0.0,0.0,0.0,5.881655,0.0,0.0,0.0,0.0,0.0,0.0,0.0,0.0,0.0,2.6579735,0.0,0.0,0.0,0.0,0.0,0.0,0.0,0.0,0.0,8.650815,0.0,0.0,1.3344252,4.7179546,0.0,0.7832464,0.0,0.0,0.0,0.0,0.0,0.0,1.4445326,8.649096
12.9404335,18.368757,0.0,0.0,0.0,12.113521,0.0,0.5574737,0.18788686,0.0,0.0,0.0,0.0,0.0,0.0,0.0,6.490858,0.0,29.338722,0.0,0.0,4.356882,0.0,0.0,2.6480157,0.0,0.0,6.8825426,0.0,0.0,13.429395,0.0,0.50181973,0.0,0.0,0.8201358,15.480442,0.0,5.620579,0.0,3.8766897,1.7108324,9.316634,2.2109706,0.0,0.0,0.0,0.0,11.845598,16.807734,0.0,16.410927,0.0,0.0,0.0,0.0,0.0,9.594714,0.0,0.0,0.0,0.0,0.0,8.854413
1.2588899,0.0,2.0038748,1.617927,0.0,2.7633944,2.7051237,0.0,2.6300163,0.2549716,0.0,0.0,0.0,5.309863,0.0,0.0,0.0,0.0,0.0,0.0,0.0,2.0600889,1.7487227,0.43399322,2.9142265,0.0,0.0,0.0,0.0,3.3296533,0.0,0.0,0.0,0.0,0.0,0.0,0.0,0.0,0.0,0.0,0.0,0.3936205,0.0,0.0,0.0,0.0,1.127219,0.0,0.0,1.015654,0.0,0.0,1.1203364,3.6936238,0.0,4.4628935,0.0,0.0,0.37664706,0.0,0.0,0.0,2.921512,2.1576571
2.4291325,0.0,37.96745,21.321846,0.0,13.918926,47.00098,0.0,26.079004,10.985431,0.33739632,0.0,0.0,65.86264,0.0,0.0,0.0,0.0,0.0,0.0,0.0,10.986693,20.69208,14.296906,28.60457,0.0,0.0,0.0,0.0,29.471888,0.0,14.991359,0.0,0.0,0.0,0.0,0.0,0.0,0.0,0.21993765,0.0,0.0,0.0,0.0,0.0,0.0,28.173773,0.0,0.0,0.0,3.7741055,0.0,13.381147,35.476353,0.0,52.48665,0.0,0.0,11.984391,0.0,0.0,0.0,39.537373,9.80042
4.813457,0.0,24.748745,15.921696,0.0,14.608143,30.92733,0.0,20.81016,6.2996063,0.0,0.0,0.0,47.835934,0.0,0.0,0.0,0.0,0.0,0.0,0.0,11.136931,15.4170265,8.273095,22.481188,0.0,0.0,0.0,0.0,23.767683,0.0,5.5038686,0.0,0.0,0.0,0.0,0.0,0.0,0.0,0.24437916,0.0,0.38108465,0.0,0.0,0.0,0.0,17.112738,0.0,0.0,0.0,0.6960479,0.0,9.986073,27.704319,0.0,38.206665,0.0,0.0,7.562644,0.0,0.0,0.0,28.327219,10.379395
9.174139,2.575089,0.0,3.4925122,0.0,13.111575,0.0,0.0,7.784313,0.0,0.0,0.0,0.0,6.42433,0.0,0.0,0.0,0.0,10.195796,0.0,0.0,8.789544,3.4144359,0.0,8.690084,0.0,0.0,0.0,0.0,7.7071166,0.0,0.0,0.0,0.0,0.0,0.0,0.0,0.0,0.0,1.4223142,0.0,0.0,0.0,0.0,0.0,0.0,0.0,0.0,0.0,8.90093,0.0,0.0,1.6902477,6.802214,0.0,3.667393,0.0,0.0,0.0,0.0,0.0,0.0,2.6266325,9.753625
12.080107,15.401654,0.0,0.0,0.0,12.816384,0.0,0.4431606,1.7149533,0.0,0.0,0.0,0.4586752,0.0,0.0,0.0,6.5294876,0.0,26.327839,0.0,0.0,7.0604343,0.0,0.0,3.1659882,0.0,0.0,0.35718048,0.0,0.0,9.185775,0.0,0.0,0.0,0.0,0.9838929,11.40537,0.0,1.5128648,1.5793136,0.25669816,0.61219984,9.039558,1.4006768,0.0,0.0,0.0,0.0,7.71024,14.735751,0.0,9.244059,0.0,0.0,0.0,0.0,0.0,7.0454593,0.0,0.0,0.0,0.0,0.0,8.29724
1.9665954,1.1569556,0.0,0.0,0.0,3.1487854,0.0,0.0,0.0015285388,0.0,0.0,0.0,0.0,0.0,0.0,0.0,0.0,0.0,3.3422647,0.0,0.0,1.9604388,0.061677873,0.0,0.764495,0.0,0.0,0.0,0.0,1.767576,0.0,0.0,0.0,0.0,0.0,0.0,0.0,0.0,0.0,0.0,0.22470416,1.3087068,0.0,0.0,0.0,0.0,0.0,0.0,0.6647368,3.2832308,0.0,0.0,0.0,1.4026613,0.0,0.87624574,0.0,1.1203377,0.0,0.0,0.0,0.0,0.0,2.5684698
5.068768,0.0,24.959484,12.091703,0.0,15.100205,32.564037,0.0,19.01264,5.570576,0.0,0.0,0.0,48.18056,0.0,0.0,0.0,0.0,0.0,0.0,0.0,11.527496,14.5759735,8.6431875,21.674139,0.0,0.0,0.0,0.0,25.646929,0.0,4.6801224,0.0,0.0,0.0,0.0,0.0,0.0,0.0,0.0,0.0,3.9004006,0.0,0.0,0.0,0.0,17.57196,0.0,0.0,2.3471997,0.0,0.0,9.45924,30.199549,0.0,42.485386,0.0,0.0,4.8293366,0.0,0.0,0.0,26.953833,12.373767
11.817375,11.841459,0.0,0.0,0.0,15.410322,0.0,0.0,0.15609366,0.0,0.0,0.0,0.0,0.0,0.0,0.0,2.1928356,0.0,23.600124,0.0,0.0,9.2368555,0.0,0.0,2.4930713,0.0,0.0,0.0,0.0,3.5988126,4.8298473,0.0,0.0,0.0,0.0,0.0,5.8231816,0.0,0.0,0.0,1.4115753,3.275097,4.788854,1.3023729,0.0,0.0,0.0,0.0,5.011071,16.701595,0.0,3.316445,0.0,0.81864667,0.0,0.0,0.0,7.6720753,0.0,0.0,0.0,0.0,0.0,10.795047
10.4305935,4.20729,0.0,6.515136,0.0,16.678022,0.0,0.0,9.182794,0.0,0.0,0.0,0.0,2.4861631,0.0,0.0,0.0,0.0,16.790411,0.0,0.0,12.148571,3.2845016,0.0,7.004799,0.0,0.0,0.0,0.0,7.9406447,0.0,0.0,0.0,0.0,0.0,0.0,0.0,0.0,0.0,4.117231,0.0,0.038483728,0.0,0.0,0.0,0.0,0.0,0.0,0.0,10.750711,0.0,0.0,1.3816144,6.9531007,0.0,0.8991231,0.0,0.0,0.40050414,0.0,0.0,0.0,2.8966048,8.9637785
11.172599,10.376767,0.0,1.3481766,0.0,14.894959,0.0,0.0,2.223718,0.0,0.0,0.0,0.19221807,0.0,0.0,0.0,3.885476,0.0,22.053627,0.0,0.0,9.452268,0.36758298,0.0,4.083137,0.0,0.0,0.0,0.0,3.4076624,3.22162,0.0,0.0,0.0,0.0,0.0,4.493952,0.0,0.0,2.0680077,0.0,0.916855,5.9328747,0.4865364,0.0,0.0,0.0,0.0,3.4398015,14.085168,0.0,0.39976773,0.0,0.32057816,0.0,0.0,0.0,5.771388,0.0,0.0,0.0,0.0,0.0,10.137536
13.904339,19.489553,0.0,0.0,0.0,11.087116,0.0,0.77160966,0.0,0.0,0.0,0.0,0.0,0.0,0.0,0.0,7.136947,0.0,29.820189,0.0,0.0,1.8336129,0.0,0.0,2.3161037,0.0,0.18069409,10.16992,0.0,0.0,16.22325,0.0,2.2404356,0.0,0.0,0.2502793,17.407684,0.0,7.49311,0.0,5.202616,2.3339689,8.582077,2.0471058,0.0,0.0,0.0,0.0,13.294651,18.12167,0.0,19.58033,0.0,0.0,0.0,0.0,0.0,12.007232,0.0,0.0,0.0,0.0,0.0,10.312967
12.506252,17.326073,0.0,0.0,0.0,11.855002,0.0,1.4997883,1.2340711,0.0,0.0,0.0,0.0,0.0,0.0,0.0,7.273817,0.0,27.644266,0.0,0.0,4.938915,0.0,0.0,3.3483293,0.0,0.0,3.9607701,0.0,0.0,11.852145,0.0,0.0,0.0,0.0,1.2585925,14.013451,0.0,3.6817338,0.09207135,1.3458009,0.24791463,9.971231,1.6952626,0.0,0.0,0.0,0.0,9.894733,15.191347,0.0,13.461594,0.0,0.0,0.0,0.0,0.0,8.171244,0.0,0.0,0.0,0.0,0.0,8.226187
10.91074,11.804466,0.0,1.6277292,0.0,11.546207,0.0,2.1573665,4.9351597,0.0,0.0,0.0,2.4684732,0.0,0.0,0.0,7.000426,0.0,20.15585,0.0,0.0,6.6636524,0.31979024,0.0,4.5357795,0.0,0.0,0.0,0.0,0.0,3.8869603,0.0,0.0,0.0,0.0,2.85352,5.300244,0.0,0.0,5.4113092,0.0,0.0,8.278387,0.0,0.0,0.0,0.0,0.0,2.131705,10.481037,0.0,1.3250319,0.0,0.0,0.0,0.0,0.0,3.821746,0.0,0.0,0.0,0.0,0.0,6.348252
0.329957,0.0,50.344868,26.739904,0.0,13.441909,61.784054,0.0,31.436728,15.205454,5.3787947,0.0,0.0,82.48094,0.0,0.0,0.0,0.0,0.0,0.0,0.0,10.802552,25.567608,19.842806,34.20293,0.0,0.0,0.0,0.0,34.627087,0.0,23.951826,0.0,0.0,0.0,0.0,0.0,0.0,0.0,0.63339067,0.0,0.0,0.0,0.0,0.0,0.0,38.18823,0.0,0.0,0.0,7.0538554,0.0,16.66124,42.59916,0.0,65.5618,0.0,0.0,16.322058,0.0,0.0,0.0,50.07281,8.881122
11.1938505,10.50167,0.0,1.3625797,0.0,14.866665,0.0,0.0,2.2453544,0.0,0.0,0.0,0.25277397,0.0,0.0,0.0,3.975484,0.0,22.19873,0.0,0.0,9.473117,0.3769873,0.0,4.0333524,0.0,0.0,0.0,0.0,3.2991033,3.3369515,0.0,0.0,0.0,0.0,0.0,4.688994,0.0,0.0,2.1635773,0.0,0.89784336,6.035258,0.5029098,0.0,0.0,0.0,0.0,3.5057993,14.074298,0.0,0.5716305,0.0,0.2310854,0.0,0.0,0.0,5.754321,0.0,0.0,0.0,0.0,0.0,10.046646
4.8303027,0.0,30.330246,15.355613,0.0,21.400007,43.19494,0.0,20.553715,8.194208,0.0,0.0,0.0,65.09472,0.0,0.0,0.0,0.0,0.0,0.0,0.0,17.950653,19.51254,9.596458,27.10186,0.0,0.0,0.0,0.0,38.582653,0.0,2.2984433,0.0,0.0,0.0,0.0,0.0,0.0,0.0,0.0,0.0,11.510691,0.0,0.0,0.0,0.0,26.15201,0.0,0.0,4.979542,0.0,0.0,12.181836,43.993954,0.0,59.66527,0.0,0.0,4.993357,0.0,0.0,0.0,36.445747,19.690214
6.6721263,0.0,15.468609,12.731059,0.0,15.24486,19.13806,0.0,17.683228,2.8819275,0.0,0.0,0.0,34.832718,0.0,0.0,0.0,0.0,0.0,0.0,0.0,11.129443,11.691565,3.994705,18.100243,0.0,0.0,0.0,0.0,19.361273,0.0,0.0,0.0,0.0,0.0,0.0,0.0,0.0,0.0,1.138098,0.0,0.0,0.0,0.0,0.0,0.0,8.848902,0.0,0.0,2.780161,0.0,0.0,7.8403172,21.735022,0.0,27.371399,0.0,0.0,4.81644,0.0,0.0,0.0,20.504137,10.1958065
9.711072,6.3561583,0.0,3.157129,0.0,12.403503,0.0,0.0,6.645817,0.0,0.0,0.0,0.0,0.020566538,0.0,0.0,2.1442227,0.0,14.32952,0.0,0.0,7.555609,1.7965531,0.0,6.596539,0.0,0.0,0.0,0.0,3.8626275,0.0,0.0,0.0,0.0,0.0,0.0,0.0,0.0,0.0,3.5016909,0.0,0.0,2.2357256,0.0,0.0,0.0,0.0,0.0,0.0,9.229608,0.0,0.0,0.6096604,2.1776762,0.0,0.0,0.0,0.8932953,0.0,0.0,0.0,0.0,0.0,7.912012
3.086101,0.0,38.4759,16.277058,0.0,15.083216,49.31554,0.0,24.191662,9.494751,0.0,0.0,0.0,66.36932,0.0,0.0,0.0,0.0,0.0,0.0,0.0,11.435461,19.376663,14.927174,27.306732,0.0,0.0,0.0,0.0,32.18623,0.0,13.968905,0.0,0.0,0.0,0.0,0.0,0.0,0.0,0.0,0.0,4.283568,0.0,0.0,0.0,0.0,28.357746,0.0,0.0,0.0,2.4629521,0.0,12.953069,39.081493,0.0,58.668987,0.0,0.0,8.173451,0.0,0.0,0.0,37.666805,12.24191
11.821191,0.0,5.344863,8.563007,0.0,21.68382,8.875331,0.0,15.945332,0.0,0.0,0.0,0.0,28.073599,0.0,0.0,0.0,0.0,2.949015,0.0,0.0,16.332567,10.10464,0.0,18.374357,0.0,0.0,0.0,0.0,21.666145,0.0,0.0,0.0,0.0,0.0,0.0,0.0,0.0,0.0,0.0,0.0,3.8493822,0.0,0.0,0.0,0.0,0.57113713,0.0,0.0,11.354177,0.0,0.0,5.90718,22.76678,0.0,23.803938,0.0,0.0,0.0,0.0,0.0,0.0,14.657761,17.509838
6.8783813,0.0,13.859177,12.318218,0.0,15.537047,16.69247,0.0,17.39871,2.8837335,0.0,0.0,0.0,32.237576,0.0,0.0,0.0,0.0,0.0,0.0,0.0,11.876391,11.143913,2.4951386,17.108225,0.0,0.0,0.0,0.0,18.804586,0.0,0.0,0.0,0.0,0.0,0.0,0.0,0.0,0.0,1.3402536,0.0,0.4591855,0.0,0.0,0.0,0.0,7.61841,0.0,0.0,3.5504127,0.0,0.0,7.184849,21.318213,0.0,25.89499,0.0,0.0,4.6291947,0.0,0.0,0.0,19.444704,10.079161
6.1513076,0.0,16.299538,9.276211,0.0,17.268929,24.224087,0.0,14.511579,3.4251552,0.0,0.0,0.0,40.58966,0.0,0.0,0.0,0.0,0.0,0.0,0.0,13.875753,12.5307865,4.2660556,18.834503,0.0,0.0,0.0,0.0,25.893944,0.0,0.0,0.0,0.0,0.0,0.0,0.0,0.0,0.0,0.0,0.0,7.621485,0.0,0.0,0.0,0.0,12.938125,0.0,0.0,6.628319,0.0,0.0,7.634281,29.049538,0.0,37.40146,0.0,0.0,1.6730512,0.0,0.0,0.0,21.940292,15.620246
8.223988,0.0,5.5977817,8.187598,0.0,15.6508875,7.3724556,0.0,13.313103,0.0,0.0,0.0,0.0,21.48649,0.0,0.0,0.0,0.0,0.9707062,0.0,0.0,11.656345,7.8086967,0.0,13.495308,0.0,0.0,0.0,0.0,15.487106,0.0,0.0,0.0,0.0,0.0,0.0,0.0,0.0,0.0,0.4438161,0.0,1.3432933,0.0,0.0,0.0,0.0,1.109515,0.0,0.0,6.6942344,0.0,0.0,4.9653788,16.571945,0.0,17.528624,0.0,0.0,1.3315303,0.0,0.0,0.0,12.199816,11.0828495
12.553319,18.015957,0.0,0.0,0.0,10.473159,0.0,1.7384738,0.03709838,0.0,0.0,0.0,0.0,0.0,0.0,0.0,7.2186832,0.0,27.892286,0.0,0.0,2.8779871,0.0,0.0,3.5092835,0.0,0.3524825,7.1985245,0.0,0.0,13.657103,0.0,1.1652286,0.0,0.0,1.2578341,15.664947,0.0,5.7265396,0.0,3.0405283,0.7161353,9.560411,1.961093,0.0,0.0,0.0,0.0,11.458333,15.613533,0.0,16.599487,0.0,0.0,0.0,0.0,0.0,10.070016,0.0,0.0,0.0,0.0,0.0,9.138342
10.031969,4.2410293,0.0,3.0905726,0.0,15.169877,0.0,0.0,5.598442,0.0,0.0,0.0,0.0,3.355864,0.0,0.0,0.0,0.0,14.4446945,0.0,0.0,10.272116,2.7214818,0.0,7.5116143,0.0,0.0,0.0,0.0,8.173751,0.0,0.0,0.0,0.0,0.0,0.0,0.0,0.0,0.0,0.64584386,0.0,1.5216343,0.0,0.0,0.0,0.0,0.0,0.0,0.0,11.737209,0.0,0.0,0.84113735,6.3762927,0.0,1.6975924,0.0,1.1178762,0.0,0.0,0.0,0.0,0.98229104,11.369928
3.8920722,0.0,2.387396,2.978871,0.0,7.3583307,3.8674989,0.0,5.5354385,0.0,0.0,0.0,0.0,10.466214,0.0,0.0,0.0,0.0,0.25052163,0.0,0.0,5.51827,3.640571,0.0,6.5959115,0.0,0.0,0.0,0.0,7.7203684,0.0,0.0,0.0,0.0,0.0,0.0,0.0,0.0,0.0,0.0,0.0,1.4032248,0.0,0.0,0.0,0.0,0.7473581,0.0,0.0,3.766689,0.0,0.0,2.1596937,8.158412,0.0,8.876581,0.0,0.0,0.0,0.0,0.0,0.0,5.3961635,6.131399
9.453936,0.6431309,0.0,4.3602223,0.0,15.476361,0.0,0.0,8.32161,0.0,0.0,0.0,0.0,9.37499,0.0,0.0,0.0,0.0,10.22529,0.0,0.0,11.159566,4.312065,0.0,9.4408865,0.0,0.0,0.0,0.0,11.079026,0.0,0.0,0.0,0.0,0.0,0.0,0.0,0.0,0.0,0.08375901,0.0,2.0819669,0.0,0.0,0.0,0.0,0.0,0.0,0.0,10.23248,0.0,0.0,2.1983614,10.442976,0.0,7.593628,0.0,0.0,0.0,0.0,0.0,0.0,4.6080427,11.625208
11.776306,10.630484,0.0,0.17285274,0.0,16.284895,0.0,0.0,1.8982046,0.0,0.0,0.0,0.0,0.0,0.0,0.0,2.020018,0.0,22.983595,0.0,0.0,9.69104,0.0,0.0,3.0463321,0.0,0.0,0.0,0.0,4.3267746,3.06261,0.0,0.0,0.0,0.0,0.0,3.757877,0.0,0.0,0.69917285,0.0,1.9865143,4.5315385,0.87155885,0.0,0.0,0.0,0.0,3.549573,15.83873,0.0,0.19265828,0.0,1.5312548,0.0,0.0,0.0,6.284698,0.0,0.0,0.0,0.0,0.0,10.412917
13.220898,19.37451,0.0,0.0,0.0,11.410103,0.0,1.3332783,0.0,0.0,0.0,0.0,0.0,0.0,0.0,0.0,6.207722,0.0,29.390413,0.0,0.0,2.6801784,0.0,0.0,2.6051288,0.0,0.0,8.42313,0.0,0.0,14.860433,0.0,1.4917909,0.0,0.0,1.3770189,16.775717,0.0,6.7312546,0.0,4.4226794,1.5544082,9.378317,2.4272115,0.0,0.0,0.0,0.0,12.364307,17.25517,0.0,18.244997,0.0,0.0,0.0,0.0,0.0,10.832521,0.0,0.0,0.0,0.0,0.0,9.29414
5.1433377,0.0,3.8743403,5.3008256,0.0,9.983606,5.0178676,0.0,8.587924,0.15202084,0.0,0.0,0.0,14.1179695,0.0,0.0,0.0,0.0,0.36094975,0.0,0.0,7.6159782,5.1584992,0.0,8.764432,0.0,0.0,0.0,0.0,10.094541,0.0,0.0,0.0,0.0,0.0,0.0,0.0,0.0,0.0,0.20928231,0.0,1.0310539,0.0,0.0,0.0,0.0,1.0933154,0.0,0.0,4.253358,0.0,0.0,3.1855607,10.902881,0.0,11.597557,0.0,0.0,0.9616237,0.0,0.0,0.0,8.079196,7.145691
9.298843,0.71228296,0.0,5.0521026,0.0,15.016648,0.0,0.0,8.252208,0.0,0.0,0.0,0.0,9.6558075,0.0,0.0,0.0,0.0,9.817024,0.0,0.0,11.009458,4.8831234,0.0,9.951807,0.0,0.0,0.0,0.0,10.628321,0.0,0.0,0.0,0.0,0.0,0.0,0.0,0.0,0.0,0.91074395,0.0,1.2539352,0.0,0.0,0.0,0.0,0.0,0.0,0.0,9.574594,0.0,0.0,2.2423043,9.77138,0.0,6.166427,0.0,0.0,0.0,0.0,0.0,0.0,4.8122053,11.542902
9.4749,2.5415077,0.0,4.156471,0.0,13.679913,0.0,0.0,8.467015,0.0,0.0,0.0,0.0,6.7658587,0.0,0.0,0.0,0.0,10.538473,0.0,0.0,9.233138,3.6570723,0.0,9.1254425,0.0,0.0,0.0,0.0,7.98716,0.0,0.0,0.0,0.0,0.0,0.0,0.0,0.0,0.0,1.9717499,0.0,0.0,0.0,0.0,0.0,0.0,0.0,0.0,0.0,8.893836,0.0,0.0,1.8783357,6.9964533,0.0,3.5369177,0.0,0.0,0.0,0.0,0.0,0.0,3.0570207,9.873739
10.737074,7.821083,0.0,2.464905,0.0,15.264129,0.0,0.0,3.6996002,0.0,0.0,0.0,0.0,0.0,0.0,0.0,2.030368,0.0,19.149607,0.0,0.0,9.756472,1.1569523,0.0,5.4491935,0.0,0.0,0.0,0.0,5.3197713,0.0,0.0,0.0,0.0,0.0,0.0,0.0,0.0,0.0,1.7944713,0.0,0.7316857,3.3817375,0.0,0.0,0.0,0.0,0.0,1.7818485,13.097988,0.0,0.0,0.0,2.5511868,0.0,0.0,0.0,4.002618,0.0,0.0,0.0,0.0,0.0,10.640639
11.010786,13.321802,0.0,1.8132286,0.0,10.402211,0.0,3.2242656,5.6585193,0.0,0.0,0.0,3.2445612,0.0,0.0,0.0,8.147454,0.0,21.61373,0.0,0.0,5.8075976,0.14425701,0.0,4.1944027,0.0,0.15910904,0.0,0.0,0.0,5.8676953,0.0,0.0,0.0,0.0,3.9326732,7.657172,0.0,0.0,6.2683563,0.0,0.0,9.555826,0.2167755,0.0,0.0,0.0,0.0,2.7928193,9.988583,0.0,3.6086314,0.0,0.0,0.0,0.0,0.0,3.5469587,0.0,0.0,0.0,0.0,0.0,4.7482862
10.503065,5.0745406,0.0,2.0193617,0.0,15.887411,0.0,0.0,5.085242,0.0,0.0,0.0,0.0,2.1916692,0.0,0.0,0.0,0.0,15.81199,0.0,0.0,10.486562,2.1641824,0.0,6.4184117,0.0,0.0,0.0,0.0,8.254425,0.0,0.0,0.0,0.0,0.0,0.0,0.0,0.0,0.0,0.0,0.0,2.4255695,0.0,0.0,0.0,0.0,0.0,0.0,0.52864283,13.068699,0.0,0.0,0.53697604,6.7362022,0.0,2.5279982,0.0,1.7227894,0.0,0.0,0.0,0.0,0.1907766,11.265234
9.901554,8.809001,0.0,2.9100673,0.0,11.33818,0.0,1.699389,6.2081037,0.0,0.0,0.0,2.005264,0.0,0.0,0.0,5.2326303,0.0,16.416227,0.0,0.0,6.250729,0.7266796,0.0,5.331392,0.0,0.0,0.0,0.0,0.85726833,0.50499827,0.0,0.0,0.0,0.0,1.1953549,0.6776882,0.0,0.0,5.160949,0.0,0.0,5.976646,0.0,0.0,0.0,0.0,0.0,0.05717426,8.839529,0.0,0.0,0.0,0.0,0.0,0.0,0.0,2.1159215,0.0,0.0,0.0,0.0,0.0,6.233528
12.465714,16.625238,0.0,0.0,0.0,12.709721,0.0,0.0,1.0826089,0.0,0.0,0.0,0.0,0.0,0.0,0.0,6.322215,0.0,27.962893,0.0,0.0,6.3502803,0.0,0.0,2.6201336,0.0,0.0,3.327382,0.0,0.0,11.004864,0.0,0.0,0.0,0.0,0.44120172,12.840637,0.0,3.2865565,0.0,2.3662815,1.7904441,8.856186,1.9439753,0.0,0.0,0.0,0.0,9.763048,16.025192,0.0,12.202039,0.0,0.0,0.0,0.0,0.0,8.112091,0.0,0.0,0.0,0.0,0.0,8.521578
7.2993293,0.0,11.038163,11.104344,0.0,15.4507065,13.835566,0.0,15.837768,1.7819667,0.0,0.0,0.0,29.246489,0.0,0.0,0.0,0.0,0.0,0.0,0.0,11.56574,10.194032,1.8648251,16.417744,0.0,0.0,0.0,0.0,17.76471,0.0,0.0,0.0,0.0,0.0,0.0,0.0,0.0,0.0,1.0492475,0.0,0.5018212,0.0,0.0,0.0,0.0,5.6174836,0.0,0.0,4.340192,0.0,0.0,6.645992,19.426554,0.0,22.763407,0.0,0.0,3.4874222,0.0,0.0,0.0,17.079126,10.800989
10.40277,6.311436,0.0,7.812996,0.0,13.769074,0.0,1.4381571,11.842619,0.0,0.0,0.0,2.6069455,0.38464934,0.0,0.0,3.5072763,0.0,15.52135,0.0,0.0,8.8548,2.8131783,0.0,7.4374995,0.0,0.0,0.0,0.0,3.2648656,0.0,0.0,0.0,0.0,0.0,0.0,0.0,0.0,0.0,8.514297,0.0,0.0,3.2988405,0.0,0.0,0.0,0.0,0.0,0.0,6.8644185,0.0,0.0,1.8292404,2.0716157,0.0,0.0,0.0,0.0,2.0368876,0.0,0.0,0.0,2.055204,5.156745
12.610669,17.357904,0.0,0.0,0.0,12.296304,0.0,0.0,0.9504877,0.0,0.0,0.0,0.0,0.0,0.0,0.0,6.659569,0.0,28.454702,0.0,0.0,5.6003776,0.0,0.0,2.6696281,0.0,0.0,4.6840615,0.0,0.0,12.046017,0.0,0.0,0.0,0.0,0.4419158,13.73143,0.0,4.063252,0.0,2.7688441,1.7322843,9.234528,2.0969465,0.0,0.0,0.0,0.0,10.612277,16.21083,0.0,13.724151,0.0,0.0,0.0,0.0,0.0,8.479221,0.0,0.0,0.0,0.0,0.0,8.436663
12.998538,15.782375,0.0,0.0,1.1998862,8.925143,0.0,3.7288654,2.6924634,0.0,0.0,0.0,0.68819654,0.0,0.0,0.0,9.66188,1.0908132,21.04352,0.0,0.0,0.0,0.0,0.0,1.8156337,0.0,3.047936,4.2324004,0.0,0.0,12.135208,0.0,2.4009106,0.0,0.0,0.75785065,11.361786,0.0,3.4576247,0.0,0.0,0.0,6.9784684,0.0,0.0,0.0,0.0,0.0,5.8285017,14.193405,0.0,11.664044,0.0,0.0,0.0,0.0,0.0,7.67803,0.0,0.0,0.0,0.0,0.0,7.783065
12.739347,15.323417,0.0,2.1615813,0.0,15.309349,0.0,1.1537701,4.7767687,0.0,0.0,0.0,2.3444753,0.0,0.0,0.0,7.07833,0.0,27.932299,0.0,0.0,9.581868,0.0,0.0,2.4770875,0.7522567,0.0,0.0,0.0,0.0,6.815118,0.0,0.0,0.0,0.0,1.7857224,10.3029,0.0,0.0,5.473481,0.0,0.0,9.583885,0.8903935,0.0,0.0,0.0,0.0,6.2771325,13.677916,0.0,5.7353106,0.0,0.0,0.0,0.0,0.0,4.3618546,0.0,0.0,0.0,0.0,0.0,6.7237086
8.956696,6.2264175,0.0,7.4345326,0.0,9.632444,0.0,4.1744404,12.297226,0.0,0.0,0.0,3.6718009,0.792946,0.0,0.0,5.489944,0.0,11.268319,0.0,0.0,5.3616867,2.6762547,0.0,7.7193336,0.0,0.0,0.0,0.0,0.21149394,0.0,0.0,0.0,0.0,0.0,0.34437788,0.0,0.0,0.0,9.735404,0.0,0.0,4.7962418,0.0,0.0,0.0,0.0,0.0,0.0,3.1477387,1.8259228,0.0,2.139856,0.0,0.0,0.0,0.0,0.0,2.5791574,0.0,0.0,0.0,1.7309144,2.5859463
5.626942,0.0,3.425262,4.3418865,0.0,10.599388,5.544415,0.0,7.974555,0.0,0.0,0.0,0.0,15.094065,0.0,0.0,0.0,0.0,0.37225953,0.0,0.0,7.9632096,5.275257,0.0,9.51364,0.0,0.0,0.0,0.0,11.122619,0.0,0.0,0.0,0.0,0.0,0.0,0.0,0.0,0.0,0.0,0.0,2.0052717,0.0,0.0,0.0,0.0,1.0671198,0.0,0.0,5.3939633,0.0,0.0,3.118615,11.7329035,0.0,12.745344,0.0,0.0,0.0,0.0,0.0,0.0,7.809858,8.821034
11.320665,15.059133,0.0,0.0,0.0,8.433292,0.0,5.2452807,4.2991657,0.0,0.0,0.0,1.8763491,0.0,0.0,0.0,8.552644,0.0,21.850657,1.1812481,0.0,2.4423802,0.0,0.0,4.9521394,0.0,3.0459862,0.0,0.0,0.0,8.799603,0.0,0.0,0.0,0.0,5.2545953,10.576482,0.0,0.8912546,4.060429,0.0,0.0,10.259587,0.3714762,0.0,0.0,0.0,0.0,3.9924986,10.356257,0.0,8.058092,0.0,0.0,0.0,0.0,0.0,5.709961,0.0,0.0,0.0,0.0,0.0,5.2135606
5.1291876,0.0,27.46809,12.461839,0.0,21.62616,41.113777,0.0,17.886017,7.2070627,0.0,0.0,0.0,62.392147,0.0,0.0,0.0,0.0,0.0,0.0,0.0,18.36329,18.402029,8.562022,25.940752,0.0,0.0,0.0,0.0,38.8027,0.0,0.0,0.0,0.0,0.0,0.0,0.0,0.0,0.0,0.0,0.0,13.903612,0.0,0.0,0.0,0.0,24.839672,0.0,0.0,7.2076507,0.0,0.0,11.132862,43.88533,0.0,59.032433,0.0,0.0,2.7712219,0.0,0.0,0.0,33.83485,21.53538
11.218874,14.61516,0.0,0.7465504,0.0,9.426073,0.0,4.8915234,5.272752,0.0,0.0,0.0,2.5256686,0.0,0.0,0.0,8.5362,0.0,22.314491,0.13398889,0.0,3.73934,0.0,0.0,4.4150968,0.2116508,2.1902745,0.0,0.0,0.0,7.7752323,0.0,0.0,0.0,0.0,4.8695683,10.022835,0.0,0.0,5.2858057,0.0,0.0,10.154511,0.25626782,0.0,0.0,0.0,0.0,3.95274,9.901651,0.0,6.8948655,0.0,0.0,0.0,0.0,0.0,4.4938006,0.0,0.0,0.0,0.0,0.0,4.573518
12.081012,14.055561,0.0,0.0,0.0,14.390149,0.0,0.0,0.0,0.0,0.0,0.0,0.0,0.0,0.0,0.0,2.853913,0.0,26.028502,0.0,0.0,8.664326,0.0,0.0,1.5093073,0.0,0.0,0.0,0.0,1.6320865,7.8529882,0.0,0.0,0.0,0.0,0.24375741,9.458908,0.0,2.0433192,0.0,3.133254,3.9769375,5.799835,1.9861479,0.0,0.0,0.0,0.0,6.838388,17.48968,0.0,7.551504,0.0,0.0,0.0,0.0,0.0,8.558684,0.0,0.0,0.0,0.0,0.0,9.881869
6.3514066,0.0,14.915341,11.025363,0.0,14.73016,19.601727,0.0,16.007849,2.9676208,0.0,0.0,0.0,34.813072,0.0,0.0,0.0,0.0,0.0,0.0,0.0,11.163958,11.503055,4.0278206,18.060019,0.0,0.0,0.0,0.0,19.801367,0.0,0.0,0.0,0.0,0.0,0.0,0.0,0.0,0.0,0.0,0.0,1.6471977,0.0,0.0,0.0,0.0,9.458741,0.0,0.0,3.7414076,0.0,0.0,7.207343,22.206093,0.0,28.275545,0.0,0.0,3.7753155,0.0,0.0,0.0,19.792114,11.470223
12.920005,18.412477,0.0,0.0,0.0,12.003312,0.0,0.671449,0.012317676,0.0,0.0,0.0,0.0,0.0,0.0,0.0,6.518321,0.0,29.294334,0.0,0.0,4.1883063,0.0,0.0,2.7324,0.0,0.0,7.1261344,0.0,0.0,13.586527,0.0,0.64766943,0.0,0.0,0.7990028,15.66708,0.0,5.791874,0.0,3.9197297,1.722888,9.362006,2.209207,0.0,0.0,0.0,0.0,11.970423,16.815735,0.0,16.685127,0.0,0.0,0.0,0.0,0.0,9.757361,0.0,0.0,0.0,0.0,0.0,8.988831
13.371278,19.382458,0.0,0.0,0.0,12.147016,0.0,0.0,0.0,0.0,0.0,0.0,0.0,0.0,0.0,0.0,4.727636,0.0,29.921347,0.0,0.0,3.6014507,0.0,0.0,1.4828991,0.0,0.0,8.69787,0.0,0.0,14.881874,0.0,0.88909155,0.0,0.0,0.74892604,15.786721,0.0,7.3357353,0.0,6.1063275,3.3816998,8.227281,3.0212874,0.0,0.0,0.0,0.0,12.504424,19.054316,0.0,18.030714,0.0,0.0,0.0,0.0,0.0,11.052448,0.0,0.0,0.0,0.0,0.0,9.131316
8.2704735,0.0,3.1264358,5.6463037,0.0,14.962549,5.6140857,0.0,10.710499,0.0,0.0,0.0,0.0,18.874123,0.0,0.0,0.0,0.0,2.4406648,0.0,0.0,11.182804,6.8014245,0.0,12.668316,0.0,0.0,0.0,0.0,14.746354,0.0,0.0,0.0,0.0,0.0,0.0,0.0,0.0,0.0,0.0,0.0,2.6160703,0.0,0.0,0.0,0.0,0.0,0.0,0.0,8.032058,0.0,0.0,3.9754937,15.310444,0.0,15.804679,0.0,0.0,0.0,0.0,0.0,0.0,9.628321,12.326261
4.1612587,0.0,8.811825,10.083383,0.0,9.676899,8.119956,0.0,13.024211,2.1680992,0.0,0.0,0.0,17.536491,0.0,0.0,0.0,0.0,0.0,0.0,0.0,7.298951,6.5652366,0.52115583,9.2561245,0.0,0.0,0.0,0.0,9.850091,0.0,0.12194996,0.0,0.0,0.0,0.0,0.0,0.0,0.0,4.0957294,0.0,0.0,0.0,0.0,0.0,0.0,3.4469142,0.0,0.0,0.49418882,1.7568172,0.0,4.793812,11.720102,0.0,13.333715,0.0,0.0,4.8232822,0.0,0.0,0.0,12.442897,3.1219184
1.5463713,0.0,48.63201,18.970345,0.0,15.067898,61.86664,0.0,27.883944,12.706876,2.3525264,0.0,0.0,79.91612,0.0,0.0,0.0,0.0,0.0,0.0,0.0,11.708048,22.960003,19.434477,31.452711,0.0,0.0,0.0,0.0,37.322285,0.0,20.82314,0.0,0.0,0.0,0.0,0.0,0.0,0.0,0.0,0.0,5.2182555,0.0,0.0,0.0,0.0,36.661415,0.0,0.0,0.0,4.5231266,0.0,15.37142,46.158035,0.0,71.29184,0.0,0.0,10.490302,0.0,0.0,0.0,45.633022,12.412984
9.015197,0.0,0.0,3.6762357,0.0,15.1886,0.5537865,0.0,8.432315,0.0,0.0,0.0,0.0,13.064024,0.0,0.0,0.0,0.0,7.0793443,0.0,0.0,11.076882,5.055633,0.0,10.581918,0.0,0.0,0.0,0.0,12.866603,0.0,0.0,0.0,0.0,0.0,0.0,0.0,0.0,0.0,0.0,0.0,3.1012402,0.0,0.0,0.0,0.0,0.0,0.0,0.0,9.942293,0.0,0.0,2.7085824,12.684331,0.0,11.422537,0.0,0.0,0.0,0.0,0.0,0.0,5.9403305,12.625003
4.9837723,0.0,27.145323,14.006265,0.0,19.130316,37.980637,0.0,19.371408,7.062254,0.0,0.0,0.0,57.757442,0.0,0.0,0.0,0.0,0.0,0.0,0.0,15.799229,17.552784,8.648572,24.839672,0.0,0.0,0.0,0.0,33.525375,0.0,2.2187693,0.0,0.0,0.0,0.0,0.0,0.0,0.0,0.0,0.0,8.845204,0.0,0.0,0.0,0.0,22.411379,0.0,0.0,4.3360243,0.0,0.0,10.891107,38.35906,0.0,52.05101,0.0,0.0,4.757062,0.0,0.0,0.0,32.337696,17.24445
9.914824,7.734384,0.0,5.1584764,0.0,12.027333,0.0,1.8540666,8.827427,0.0,0.0,0.0,2.4742544,0.0,0.0,0.0,4.520637,0.0,15.744433,0.0,0.0,7.0406957,1.534042,0.0,5.932056,0.0,0.0,0.0,0.0,1.5424324,0.0,0.0,0.0,0.0,0.0,0.13326474,0.0,0.0,0.0,6.8357053,0.0,0.0,4.8953433,0.0,0.0,0.0,0.0,0.0,0.0,7.5475726,0.0,0.0,0.8266553,0.004862031,0.0,0.0,0.0,0.0,0.54427725,0.0,0.0,0.0,0.0,5.1646957
10.372771,0.0,4.1813927,5.1578965,0.0,18.974379,9.323093,0.0,11.833216,0.0,0.0,0.0,0.0,25.948406,0.0,0.0,0.0,0.0,1.5790418,0.0,0.0,14.188663,8.748352,0.0,16.677523,0.0,0.0,0.0,0.0,20.363249,0.0,0.0,0.0,0.0,0.0,0.0,0.0,0.0,0.0,0.0,0.0,5.545842,0.0,0.0,0.0,0.0,1.2402561,0.0,0.0,11.482264,0.0,0.0,4.8350997,21.045742,0.0,22.980982,0.0,0.0,0.0,0.0,0.0,0.0,12.056881,17.785906
13.510567,19.164276,0.0,0.0,0.0,11.081518,0.0,3.3454127,1.2612009,0.0,0.0,0.0,0.0,0.0,0.0,0.0,8.113094,0.0,28.74667,0.0,0.0,2.8859727,0.0,0.0,3.9966724,0.0,1.3267583,5.036665,0.0,0.0,13.588256,0.0,0.58560646,0.0,0.0,2.7831128,15.843932,0.0,4.516218,0.0,0.99853575,0.0,10.835363,1.7055918,0.0,0.0,0.0,0.0,10.181295,15.491571,0.0,15.479067,0.0,0.0,0.0,0.0,0.0,9.5929785,0.0,0.0,0.0,0.0,0.0,8.678193
3.9375446,0.0,31.839,20.223814,0.0,14.873698,38.55058,0.0,25.04525,8.595984,0.0,0.0,0.0,56.944416,0.0,0.0,0.0,0.0,0.0,0.0,0.0,11.199852,18.253357,11.11258,25.60308,0.0,0.0,0.0,0.0,26.38519,0.0,10.785975,0.0,0.0,0.0,0.0,0.0,0.0,0.0,1.8546464,0.0,0.0,0.0,0.0,0.0,0.0,22.112827,0.0,0.0,0.0,3.401721,0.0,12.220426,31.396095,0.0,44.762005,0.0,0.0,10.733782,0.0,0.0,0.0,34.6902,9.023692
9.7978945,0.0,9.394364,9.711863,0.0,19.232294,13.661415,0.0,16.171816,0.4300874,0.0,0.0,0.0,31.680313,0.0,0.0,0.0,0.0,0.0,0.0,0.0,14.413985,10.905339,0.8737618,18.786406,0.0,0.0,0.0,0.0,21.418661,0.0,0.0,0.0,0.0,0.0,0.0,0.0,0.0,0.0,0.0,0.0,3.0008776,0.0,0.0,0.0,0.0,4.309894,0.0,0.0,8.4037075,0.0,0.0,6.637481,22.941399,0.0,26.148802,0.0,0.0,1.3020496,0.0,0.0,0.0,17.046572,15.570976
9.722458,7.3554707,0.0,3.270578,0.0,11.697706,0.0,0.62213266,6.8598104,0.0,0.0,0.0,0.9996176,0.0,0.0,0.0,3.6489723,0.0,14.911396,0.0,0.0,6.8020105,1.391342,0.0,6.147531,0.0,0.0,0.0,0.0,2.3261225,0.0,0.0,0.0,0.0,0.0,0.0,0.0,0.0,0.0,4.582269,0.0,0.0,3.919775,0.0,0.0,0.0,0.0,0.0,0.0,8.62065,0.0,0.0,0.44318095,0.5503934,0.0,0.0,0.0,1.0639254,0.0,0.0,0.0,0.0,0.0,6.8221035
8.970978,1.0749903,0.0,4.4187474,0.0,13.3904295,0.0,0.0,9.110845,0.0,0.0,0.0,0.0,8.982129,0.0,0.0,0.0,0.0,8.547027,0.0,0.0,9.297463,4.2000732,0.0,9.595979,0.0,0.0,0.0,0.0,8.949157,0.0,0.0,0.0,0.0,0.0,0.0,0.0,0.0,0.0,1.5160315,0.0,0.0,0.0,0.0,0.0,0.0,0.0,0.0,0.0,8.148671,0.0,0.0,2.3439415,8.459044,0.0,5.8235283,0.0,0.0,0.0,0.0,0.0,0.0,4.305657,9.825284
4.0936146,0.0,28.12384,16.857672,0.0,14.239896,35.340157,0.0,21.735092,7.545993,0.0,0.0,0.0,52.586464,0.0,0.0,0.0,0.0,0.0,0.0,0.0,11.034417,16.74391,9.920097,24.075312,0.0,0.0,0.0,0.0,25.337694,0.0,7.870766,0.0,0.0,0.0,0.0,0.0,0.0,0.0,0.0,0.0,0.6486065,0.0,0.0,0.0,0.0,20.187271,0.0,0.0,0.0,1.1825005,0.0,10.722752,29.821568,0.0,42.200233,0.0,0.0,8.440759,0.0,0.0,0.0,31.071394,10.523694
11.29683,15.005361,0.0,0.0,0.0,8.548423,0.0,5.1425366,4.36084,0.0,0.0,0.0,1.9015288,0.0,0.0,0.0,8.507343,0.0,21.922129,1.0245523,0.0,2.5874646,0.0,0.0,4.8573723,0.0,2.9071436,0.0,0.0,0.0,8.714329,0.0,0.0,0.0,0.0,5.163519,10.53577,0.0,0.8286664,4.118412,0.0,0.0,10.203824,0.3769861,0.0,0.0,0.0,0.0,4.055148,10.345202,0.0,8.002532,0.0,0.0,0.0,0.0,0.0,5.605525,0.0,0.0,0.0,0.0,0.0,5.160779
6.710589,0.0,15.573373,11.237115,0.0,16.73221,21.2385,0.0,16.374708,2.9287474,0.0,0.0,0.0,37.66245,0.0,0.0,0.0,0.0,0.0,0.0,0.0,12.783126,12.136251,3.8850434,18.67172,0.0,0.0,0.0,0.0,22.811659,0.0,0.0,0.0,0.0,0.0,0.0,0.0,0.0,0.0,0.0,0.0,3.6164596,0.0,0.0,0.0,0.0,10.497047,0.0,0.0,4.925591,0.0,0.0,7.7780976,25.454082,0.0,32.171394,0.0,0.0,3.2529724,0.0,0.0,0.0,21.242779,13.15094
12.691675,15.74069,0.0,1.0404344,0.0,14.624688,0.0,0.95628583,4.2124953,0.0,0.0,0.0,1.8860676,0.0,0.0,0.0,7.1850424,0.0,28.077545,0.0,0.0,8.762463,0.0,0.0,2.5727196,0.5719323,0.0,0.0,0.0,0.0,7.871743,0.0,0.0,0.0,0.0,1.5232607,11.0098715,0.0,0.0,4.3977776,0.0,0.0,9.622729,1.1029578,0.0,0.0,0.0,0.0,7.2163043,14.034018,0.0,7.4103084,0.0,0.0,0.0,0.0,0.0,5.04622,0.0,0.0,0.0,0.0,0.0,6.911204
6.2752557,0.0,18.993328,10.227603,0.0,19.47289,28.608408,0.0,15.570848,4.3664036,0.0,0.0,0.0,47.175034,0.0,0.0,0.0,0.0,0.0,0.0,0.0,16.027147,14.371536,5.0114017,21.266186,0.0,0.0,0.0,0.0,30.496557,0.0,0.0,0.0,0.0,0.0,0.0,0.0,0.0,0.0,0.0,0.0,9.976153,0.0,0.0,0.0,0.0,16.109192,0.0,0.0,7.5264926,0.0,0.0,8.662319,34.056652,0.0,44.023426,0.0,0.0,1.7379881,0.0,0.0,0.0,25.488598,18.261808
2.1366792,0.0,44.577267,17.7903,0.0,15.046328,56.87084,0.0,26.341978,11.485648,0.938173,0.0,0.0,74.498985,0.0,0.0,0.0,0.0,0.0,0.0,0.0,11.648708,21.527935,17.608383,29.795305,0.0,0.0,0.0,0.0,35.306694,0.0,18.066515,0.0,0.0,0.0,0.0,0.0,0.0,0.0,0.0,0.0,4.9776554,0.0,0.0,0.0,0.0,33.40397,0.0,0.0,0.0,3.6295476,0.0,14.360301,43.395184,0.0,66.3361,0.0,0.0,9.520783,0.0,0.0,0.0,42.427322,12.414477
1.6569897,0.0,2.336351,2.067941,0.0,3.5127962,3.1280754,0.0,3.3197525,0.2626638,0.0,0.0,0.0,6.441617,0.0,0.0,0.0,0.0,0.0,0.0,0.0,2.6124785,2.1624057,0.43181086,3.617104,0.0,0.0,0.0,0.0,4.085822,0.0,0.0,0.0,0.0,0.0,0.0,0.0,0.0,0.0,0.0,0.0,0.41338524,0.0,0.0,0.0,0.0,1.2197533,0.0,0.0,1.2977984,0.0,0.0,1.3832775,4.5029593,0.0,5.336819,0.0,0.0,0.47851345,0.0,0.0,0.0,3.5730217,2.6805403
9.427205,2.2246716,0.0,4.160272,0.0,13.773455,0.0,0.0,8.515688,0.0,0.0,0.0,0.0,7.2414384,0.0,0.0,0.0,0.0,10.2713785,0.0,0.0,9.38805,3.779984,0.0,9.247088,0.0,0.0,0.0,0.0,8.332929,0.0,0.0,0.0,0.0,0.0,0.0,0.0,0.0,0.0,1.7591333,0.0,0.0,0.0,0.0,0.0,0.0,0.0,0.0,0.0,8.932945,0.0,0.0,1.9411525,7.421449,0.0,4.111903,0.0,0.0,0.0,0.0,0.0,0.0,3.3075495,10.043078
8.401206,0.0,2.3771079,5.1990685,0.0,15.070895,4.8436685,0.0,10.291424,0.0,0.0,0.0,0.0,18.00829,0.0,0.0,0.0,0.0,3.2115393,0.0,0.0,11.272436,6.512989,0.0,12.341498,0.0,0.0,0.0,0.0,14.626588,0.0,0.0,0.0,0.0,0.0,0.0,0.0,0.0,0.0,0.0,0.0,2.8979857,0.0,0.0,0.0,0.0,0.0,0.0,0.0,8.438762,0.0,0.0,3.769618,15.087805,0.0,15.298776,0.0,0.0,0.0,0.0,0.0,0.0,9.0072,12.550556
9.563014,3.0590386,0.0,4.055323,0.0,13.613236,0.0,0.0,8.263718,0.0,0.0,0.0,0.0,5.872213,0.0,0.0,0.0,0.0,11.154913,0.0,0.0,9.102563,3.4285095,0.0,8.838318,0.0,0.0,0.0,0.0,7.493326,0.0,0.0,0.0,0.0,0.0,0.0,0.0,0.0,0.0,2.1981041,0.0,0.0,0.0,0.0,0.0,0.0,0.0,0.0,0.0,9.01504,0.0,0.0,1.7038891,6.3942475,0.0,2.6843188,0.0,0.0,0.0,0.0,0.0,0.0,2.5957813,9.6816225
11.596963,14.595712,0.0,0.0,0.6957088,7.6775284,0.0,4.8883796,4.4759007,0.0,0.0,0.0,1.6325415,0.0,0.0,0.0,8.954338,0.0,20.506216,0.7552159,0.0,1.0626956,0.0,0.0,4.248357,0.0,3.3553684,0.0,0.0,0.0,9.427174,0.0,0.38865688,0.0,0.0,4.3044424,10.099996,0.0,1.2495584,3.0294404,0.0,0.0,8.825261,0.0,0.0,0.0,0.0,0.0,3.7223046,10.536656,0.0,8.020433,0.0,0.0,0.0,0.0,0.0,5.991087,0.0,0.0,0.0,0.0,0.0,5.8600554
9.443458,4.8323054,0.0,3.9489636,0.0,12.441551,0.0,0.0,7.986715,0.0,0.0,0.0,0.0,2.6106374,0.0,0.0,0.8550937,0.0,12.444475,0.0,0.0,7.8700886,2.5496826,0.0,7.535415,0.0,0.0,0.0,0.0,4.954398,0.0,0.0,0.0,0.0,0.0,0.0,0.0,0.0,0.0,3.5678546,0.0,0.0,0.3271396,0.0,0.0,0.0,0.0,0.0,0.0,8.333628,0.0,0.0,1.2551844,3.7245505,0.0,0.0,0.0,0.0,0.0,0.0,0.0,0.0,1.0584943,7.8958535
7.9886823,0.0,3.3864608,5.71,0.0,14.649797,5.772206,0.0,10.650162,0.0,0.0,0.0,0.0,18.760963,0.0,0.0,0.0,0.0,2.1476808,0.0,0.0,11.023914,6.756658,0.0,12.393798,0.0,0.0,0.0,0.0,14.569745,0.0,0.0,0.0,0.0,0.0,0.0,0.0,0.0,0.0,0.0,0.0,2.6063433,0.0,0.0,0.0,0.0,0.25829804,0.0,0.0,7.723724,0.0,0.0,3.9624772,15.228765,0.0,15.818498,0.0,0.0,0.0,0.0,0.0,0.0,9.717859,11.921424
7.1893744,0.0,15.030775,15.6628275,0.0,14.868594,15.338234,0.0,20.695335,2.90995,0.0,0.0,0.0,31.021374,0.0,0.0,0.0,0.0,0.0,0.0,0.0,10.488202,11.294707,2.8597724,17.369013,0.0,0.0,0.0,0.0,15.807284,0.0,0.5054536,0.0,0.0,0.0,0.0,0.0,0.0,0.0,6.161117,0.0,0.0,0.0,0.0,0.0,0.0,6.1204605,0.0,0.0,0.64864284,2.4084907,0.0,7.9764404,18.152319,0.0,21.71592,0.0,0.0,7.2773676,0.0,0.0,0.0,20.23284,6.518259
3.4076436,0.0,2.1094098,2.7154825,0.0,6.46618,3.3227813,0.0,4.945907,0.0,0.0,0.0,0.0,9.123959,0.0,0.0,0.0,0.0,0.2629136,0.0,0.0,4.847962,3.1934216,0.0,5.7607126,0.0,0.0,0.0,0.0,6.7216973,0.0,0.0,0.0,0.0,0.0,0.0,0.0,0.0,0.0,0.0,0.0,1.1382688,0.0,0.0,0.0,0.0,0.6262479,0.0,0.0,3.2423024,0.0,0.0,1.914176,7.1138396,0.0,7.6936193,0.0,0.0,0.038236465,0.0,0.0,0.0,4.761962,5.2818546
10.0008545,5.727949,0.0,3.6474204,0.0,13.132892,0.0,0.0,7.364127,0.0,0.0,0.0,0.0,1.4758551,0.0,0.0,1.5407771,0.0,14.019625,0.0,0.0,8.216044,2.287686,0.0,7.501121,0.0,0.0,0.0,0.0,4.8577056,0.0,0.0,0.0,0.0,0.0,0.0,0.0,0.0,0.0,3.5005085,0.0,0.0,1.3389381,0.0,0.0,0.0,0.0,0.0,0.0,9.368258,0.0,0.0,0.9188495,3.1541815,0.0,0.0,0.0,0.26978377,0.0,0.0,0.0,0.0,0.28016254,8.597502
11.149213,9.718839,0.0,0.9898497,0.0,15.430814,0.0,0.0,2.031065,0.0,0.0,0.0,0.0,0.0,0.0,0.0,2.9818506,0.0,21.97603,0.0,0.0,9.725032,0.039392047,0.0,3.957712,0.0,0.0,0.0,0.0,4.263766,2.7136834,0.0,0.0,0.0,0.0,0.0,3.4886453,0.0,0.0,1.1306646,0.0,1.7532128,4.932246,0.5916138,0.0,0.0,0.0,0.0,3.498259,14.711368,0.0,0.0,0.0,1.2113404,0.0,0.0,0.0,6.039763,0.0,0.0,0.0,0.0,0.0,10.736188
5.8579936,0.0,22.010437,11.048099,0.0,20.158318,32.993664,0.0,16.424486,5.3564744,0.0,0.0,0.0,52.455017,0.0,0.0,0.0,0.0,0.0,0.0,0.0,16.763836,15.770323,6.294631,22.88334,0.0,0.0,0.0,0.0,33.301003,0.0,0.0,0.0,0.0,0.0,0.0,0.0,0.0,0.0,0.0,0.0,11.233222,0.0,0.0,0.0,0.0,19.152382,0.0,0.0,7.3325176,0.0,0.0,9.533016,37.400745,0.0,49.18573,0.0,0.0,2.1514559,0.0,0.0,0.0,28.404537,19.300451
10.606083,6.999129,0.0,1.8697128,0.0,15.405777,0.0,0.0,3.6172311,0.0,0.0,0.0,0.0,0.0,0.0,0.0,0.69042546,0.0,18.447237,0.0,0.0,10.065294,1.226543,0.0,5.6045723,0.0,0.0,0.0,0.0,6.295183,0.0,0.0,0.0,0.0,0.0,0.0,0.0,0.0,0.0,0.6583375,0.0,1.8979213,1.6714921,0.0,0.0,0.0,0.0,0.0,1.925953,13.467332,0.0,0.0,0.0,3.8296645,0.0,0.0,0.0,3.823155,0.0,0.0,0.0,0.0,0.0,11.20655
10.450287,0.0,13.89185,12.768004,0.0,21.746584,18.914156,0.0,19.974894,1.5173566,0.0,0.0,0.0,39.566856,0.0,0.0,0.0,0.0,0.0,0.0,0.0,16.23801,13.405254,2.1698034,22.035845,0.0,0.0,0.0,0.0,25.380272,0.0,0.0,0.0,0.0,0.0,0.0,0.0,0.0,0.0,0.0,0.0,2.9162352,0.0,0.0,0.0,0.0,7.2457166,0.0,0.0,8.047726,0.0,0.0,8.464346,27.724983,0.0,32.777275,0.0,0.0,2.8504615,0.0,0.0,0.0,22.064157,16.589739
10.934696,11.810078,0.0,1.9687539,0.0,11.578986,0.0,2.4069464,5.3071485,0.0,0.0,0.0,2.7044704,0.0,0.0,0.0,7.1531053,0.0,20.162607,0.0,0.0,6.6585026,0.36180347,0.0,4.5839467,0.0,0.0,0.0,0.0,0.0,3.7594514,0.0,0.0,0.0,0.0,2.992194,5.2097178,0.0,0.0,5.79408,0.0,0.0,8.422547,0.0,0.0,0.0,0.0,0.0,1.941654,10.23701,0.0,1.0386143,0.0,0.0,0.0,0.0,0.0,3.5370376,0.0,0.0,0.0,0.0,0.0,6.10185
11.336363,10.838113,0.0,0.56052107,0.0,15.125432,0.0,0.0,1.7782698,0.0,0.0,0.0,0.0,0.0,0.0,0.0,3.5139174,0.0,23.109781,0.0,0.0,9.747091,0.0,0.0,3.441577,0.0,0.0,0.0,0.0,3.437582,3.8599882,0.0,0.0,0.0,0.0,0.0,5.190719,0.0,0.0,1.3848418,0.0,1.9644808,5.5858135,0.8157912,0.0,0.0,0.0,0.0,4.28057,14.912003,0.0,1.5407641,0.0,0.51870275,0.0,0.0,0.0,6.261468,0.0,0.0,0.0,0.0,0.0,10.236877
13.577304,20.341482,0.0,0.0,0.0,11.539517,0.0,0.0,0.0,0.0,0.0,0.0,0.0,0.0,0.0,0.0,4.1920524,0.16147858,31.054623,0.0,0.0,2.0006068,0.0,0.0,1.0099653,0.0,0.0,12.383408,0.0,0.0,16.752714,0.0,2.7314186,0.0,0.0,0.55804497,17.709604,0.0,9.585461,0.0,8.662921,4.398797,7.531855,3.4301434,0.0,0.0,0.0,0.99516565,14.633131,19.976698,0.0,21.652431,0.0,0.0,0.0,0.0,0.0,12.792237,0.0,0.0,0.0,0.0,0.0,9.819555
4.986839,0.0,25.42423,13.88846,0.0,14.789185,32.68824,0.0,19.837612,5.5403886,0.0,0.0,0.0,48.807934,0.0,0.0,0.0,0.0,0.0,0.0,0.0,10.89132,15.198838,8.997654,22.277714,0.0,0.0,0.0,0.0,24.804173,0.0,5.633284,0.0,0.0,0.0,0.0,0.0,0.0,0.0,0.0,0.0,1.7444088,0.0,0.0,0.0,0.0,17.632126,0.0,0.0,1.045844,0.49681237,0.0,9.879159,29.060408,0.0,40.84854,0.0,0.0,6.116573,0.0,0.0,0.0,27.84137,11.319791
9.847729,8.394529,0.0,3.0535479,0.0,11.437548,0.0,1.4147576,6.4354234,0.0,0.0,0.0,1.7481377,0.0,0.0,0.0,4.804908,0.0,15.998278,0.0,0.0,6.4144588,0.9217542,0.0,5.5628843,0.0,0.0,0.0,0.0,1.2571784,0.0,0.0,0.0,0.0,0.0,0.61469996,0.0,0.0,0.0,5.044603,0.0,0.0,5.4087934,0.0,0.0,0.0,0.0,0.0,0.0,8.746136,0.0,0.0,0.1139605,0.0,0.0,0.0,0.0,1.7837116,0.0,0.0,0.0,0.0,0.0,6.3666444
6.880328,0.0,14.274063,10.384058,0.0,16.47728,19.274775,0.0,15.831253,2.6389868,0.0,0.0,0.0,35.087734,0.0,0.0,0.0,0.0,0.0,0.0,0.0,12.753929,11.442194,3.0686846,17.69762,0.0,0.0,0.0,0.0,21.763609,0.0,0.0,0.0,0.0,0.0,0.0,0.0,0.0,0.0,0.0,0.0,3.6684806,0.0,0.0,0.0,0.0,9.265312,0.0,0.0,5.4018707,0.0,0.0,7.1842537,24.425303,0.0,30.435686,0.0,0.0,2.8543634,0.0,0.0,0.0,19.831184,12.812546
13.229585,0.0,3.862692,8.22755,0.0,23.638968,7.9040627,0.0,16.160126,0.0,0.0,0.0,0.0,28.731966,0.0,0.0,0.0,0.0,4.7447686,0.0,0.0,17.67012,10.375302,0.0,19.681234,0.0,0.0,0.0,0.0,23.094656,0.0,0.0,0.0,0.0,0.0,0.0,0.0,0.0,0.0,0.0,0.0,4.5253477,0.0,0.0,0.0,0.0,0.0,0.0,0.0,13.201472,0.0,0.0,5.9770875,23.745296,0.0,24.182358,0.0,0.0,0.0,0.0,0.0,0.0,14.323787,19.902155
1.0042173,0.0,5.037093,2.7341824,0.0,3.4917305,7.595139,0.0,3.4506001,1.18631,0.0,0.0,0.0,11.971954,0.0,0.0,0.0,0.0,0.0,0.0,0.0,2.7731993,3.679175,2.3773222,5.734334,0.0,0.0,0.0,0.0,6.4782324,0.0,0.22535859,0.0,0.0,0.0,0.0,0.0,0.0,0.0,0.0,0.0,1.3150222,0.0,0.0,0.0,0.0,4.4937544,0.0,0.0,0.62630934,0.0,0.0,2.3066905,6.9025674,0.0,9.398001,0.0,0.0,0.70758605,0.0,0.0,0.0,6.1570473,4.0853915
4.3477707,0.0,2.7877176,3.522254,0.0,8.244501,4.3628798,0.0,6.3508763,0.0,0.0,0.0,0.0,11.793082,0.0,0.0,0.0,0.0,0.22457954,0.0,0.0,6.1799927,4.125851,0.0,7.404189,0.0,0.0,0.0,0.0,8.619682,0.0,0.0,0.0,0.0,0.0,0.0,0.0,0.0,0.0,0.0,0.0,1.438804,0.0,0.0,0.0,0.0,0.869041,0.0,0.0,4.0899024,0.0,0.0,2.4721768,9.125648,0.0,9.918234,0.0,0.0,0.09000057,0.0,0.0,0.0,6.175509,6.7312098
6.8046336,0.0,3.3369865,5.0435524,0.0,12.587962,5.5494967,0.0,9.303547,0.0,0.0,0.0,0.0,16.789598,0.0,0.0,0.0,0.0,1.3238252,0.0,0.0,9.446986,5.9784117,0.0,10.907669,0.0,0.0,0.0,0.0,12.746589,0.0,0.0,0.0,0.0,0.0,0.0,0.0,0.0,0.0,0.0,0.0,2.2323036,0.0,0.0,0.0,0.0,0.58550036,0.0,0.0,6.525393,0.0,0.0,3.5248156,13.360812,0.0,14.1150255,0.0,0.0,0.0,0.0,0.0,0.0,8.703151,10.305693
15.846923,0.0,4.295765,9.547296,0.0,28.315315,9.139953,0.0,19.059692,0.0,0.0,0.0,0.0,33.957134,0.0,0.0,0.0,0.0,6.043048,0.0,0.0,21.250437,12.283459,0.0,23.29823,0.0,0.0,0.0,0.0,27.637945,0.0,0.0,0.0,0.0,0.0,0.0,0.0,0.0,0.0,0.0,0.0,5.7345967,0.0,0.0,0.0,0.0,0.0,0.0,0.0,16.044239,0.0,0.0,7.006057,28.439556,0.0,28.874681,0.0,0.0,0.0,0.0,0.0,0.0,16.865843,23.91015
0.0,0.0,1.5478027,0.6285238,0.0,0.2617334,1.8952284,0.0,0.775402,0.35792124,0.3197277,0.11283649,0.0,2.1817284,0.0,0.0,0.0,0.0,0.0,0.0,0.0,0.060812324,0.56222725,0.6360281,0.641845,0.0,0.0,0.0,0.0,0.82876253,0.0,0.9954345,0.0,0.0,0.0,0.0,0.0,0.0,0.0,0.0,0.0,0.0,0.0,0.0,0.0,0.0,1.1394916,0.0,0.0,0.0,0.35871738,0.0,0.45330903,1.1177485,0.0,1.9882925,0.0,0.0,0.42290843,0.0,0.0,0.0,1.2918394,0.0
10.764193,7.730028,0.0,1.6110891,0.0,15.450853,0.0,0.0,3.168439,0.0,0.0,0.0,0.0,0.0,0.0,0.0,1.2874228,0.0,19.419632,0.0,0.0,9.95966,0.86684537,0.0,5.1313663,0.0,0.0,0.0,0.0,5.7618546,0.0,0.0,0.0,0.0,0.0,0.0,0.0,0.0,0.0,0.7535704,0.0,1.8569609,2.5524576,0.0,0.0,0.0,0.0,0.0,2.3311076,13.850055,0.0,0.0,0.0,3.1298664,0.0,0.0,0.0,4.4650493,0.0,0.0,0.0,0.0,0.0,11.09507
14.292776,0.0,5.250673,9.466026,0.0,25.858826,9.752581,0.0,18.167698,0.0,0.0,0.0,0.0,32.63165,0.0,0.0,0.0,0.0,4.222451,0.0,0.0,19.368244,11.717955,0.0,21.822113,0.0,0.0,0.0,0.0,25.665041,0.0,0.0,0.0,0.0,0.0,0.0,0.0,0.0,0.0,0.0,0.0,4.889384,0.0,0.0,0.0,0.0,0.01714528,0.0,0.0,14.069303,0.0,0.0,6.794047,26.60342,0.0,27.532999,0.0,0.0,0.0,0.0,0.0,0.0,16.526953,21.54586
8.098493,0.0,4.3484464,5.998669,0.0,15.049132,7.193443,0.0,11.147757,0.0,0.0,0.0,0.0,20.641764,0.0,0.0,0.0,0.0,1.1347386,0.0,0.0,11.273467,7.266143,0.0,13.205784,0.0,0.0,0.0,0.0,15.498132,0.0,0.0,0.0,0.0,0.0,0.0,0.0,0.0,0.0,0.0,0.0,2.7996736,0.0,0.0,0.0,0.0,1.0216129,0.0,0.0,7.779902,0.0,0.0,4.29743,16.28477,0.0,17.46064,0.0,0.0,0.0,0.0,0.0,0.0,10.651475,12.436088
11.567756,13.271256,0.0,0.29792777,0.0,13.671203,0.0,0.0,1.6390254,0.0,0.0,0.0,0.7104589,0.0,0.0,0.0,5.4276743,0.0,24.614674,0.0,0.0,8.87837,0.13156539,0.0,3.104784,0.0,0.0,0.0,0.0,0.90569836,6.460721,0.0,0.0,0.0,0.0,0.9005537,8.933282,0.0,0.0,2.600191,0.0,0.97092813,7.853765,1.0250504,0.0,0.0,0.0,0.0,5.3823643,14.353058,0.0,5.2539854,0.0,0.0,0.0,0.0,0.0,6.3471503,0.0,0.0,0.0,0.0,0.0,8.751312
12.534075,17.57506,0.0,0.0,0.0,11.583983,0.0,2.3081098,0.9717886,0.0,0.0,0.0,0.0,0.0,0.0,0.0,7.3386374,0.0,27.479012,0.0,0.0,4.2546244,0.0,0.0,3.5673428,0.0,0.20916337,4.4102683,0.0,0.0,12.19806,0.0,0.0,0.0,0.0,1.6767129,14.612358,0.0,4.0856767,0.0,1.2132851,0.0,10.200008,1.5929596,0.0,0.0,0.0,0.0,9.973264,15.0372,0.0,14.198883,0.0,0.0,0.0,0.0,0.0,8.451821,0.0,0.0,0.0,0.0,0.0,8.295102
5.237437,0.0,24.401663,17.277977,0.0,15.264198,29.429852,0.0,22.083609,6.147494,0.0,0.0,0.0,46.886566,0.0,0.0,0.0,0.0,0.0,0.0,0.0,11.468799,15.409497,7.6504126,22.24599,0.0,0.0,0.0,0.0,23.248333,0.0,5.4303226,0.0,0.0,0.0,0.0,0.0,0.0,0.0,1.9388803,0.0,0.0,0.0,0.0,0.0,0.0,16.037031,0.0,0.0,0.0,1.5661258,0.0,10.299803,27.102093,0.0,36.686188,0.0,0.0,8.33268,0.0,0.0,0.0,28.502558,9.418662
13.524846,0.0,3.485731,9.583822,0.0,24.124676,6.3017287,0.0,17.385595,0.0,0.0,0.0,0.0,27.58051,0.0,0.0,0.0,0.0,6.1221895,0.0,0.0,18.078886,10.377377,0.0,19.379293,0.0,0.0,0.0,0.0,22.44434,0.0,0.0,0.0,0.0,0.0,0.0,0.0,0.0,0.0,0.0,0.0,3.3777428,0.0,0.0,0.0,0.0,0.0,0.0,0.0,12.728771,0.0,0.0,6.136834,23.121376,0.0,22.590763,0.0,0.0,0.0,0.0,0.0,0.0,14.5169935,18.866552
2.3614745,0.0,41.95567,19.13577,0.0,14.271171,53.24075,0.0,25.848787,10.477327,0.7285063,0.0,0.0,71.11808,0.0,0.0,0.0,0.0,0.0,0.0,0.0,10.508016,21.336975,16.782978,29.402191,0.0,0.0,0.0,0.0,32.375862,0.0,17.284529,0.0,0.0,0.0,0.0,0.0,0.0,0.0,0.0,0.0,1.7703648,0.0,0.0,0.0,0.0,31.107286,0.0,0.0,0.0,4.4270473,0.0,14.014989,39.4041,0.0,59.92139,0.0,0.0,10.4937525,0.0,0.0,0.0,41.020214,11.052378
1.5544193,0.0,47.345196,21.069574,0.0,14.190724,59.7851,0.0,28.015368,12.086344,2.7146983,0.0,0.0,78.31866,0.0,0.0,0.0,0.0,0.0,0.0,0.0,10.429594,23.358711,19.241823,31.71152,0.0,0.0,0.0,0.0,34.78311,0.0,21.109028,0.0,0.0,0.0,0.0,0.0,0.0,0.0,0.0,0.0,1.5891198,0.0,0.0,0.0,0.0,35.387997,0.0,0.0,0.0,5.847838,0.0,15.412757,42.716904,0.0,65.974754,0.0,0.0,12.05874,0.0,0.0,0.0,45.391796,10.8130045
10.519687,8.49424,0.0,2.1537116,0.0,13.047121,0.0,0.0,5.1932793,0.0,0.0,0.0,0.62331355,0.0,0.0,0.0,3.7923994,0.0,17.509726,0.0,0.0,7.6365867,0.8471555,0.0,5.7071075,0.0,0.0,0.0,0.0,2.78216,0.0,0.0,0.0,0.0,0.0,0.0,0.0,0.0,0.0,3.4418721,0.0,0.0,4.626388,0.0,0.0,0.0,0.0,0.0,0.7647822,10.983586,0.0,0.0,0.0,0.41423082,0.0,0.0,0.0,3.1072204,0.0,0.0,0.0,0.0,0.0,8.413421
9.957865,11.959626,0.0,2.5500982,0.0,8.874402,0.0,4.3651733,6.918073,0.0,0.0,0.0,3.9043071,0.0,0.0,0.0,8.156362,0.0,18.089012,0.0,0.0,4.437221,0.21115008,0.0,4.0701394,0.0,0.91124225,0.0,0.0,0.0,4.2444673,0.0,0.0,0.0,0.0,4.8240123,5.6305804,0.0,0.0,7.4299226,0.0,0.0,9.123855,0.0,0.0,0.0,0.0,0.0,0.9784286,7.302907,0.0,1.3631551,0.0,0.0,0.0,0.0,0.0,1.82547,0.0,0.0,0.0,0.0,0.0,2.9168334
14.788799,0.0,4.0506825,8.951192,0.0,26.395218,8.548159,0.0,17.830576,0.0,0.0,0.0,0.0,31.724888,0.0,0.0,0.0,0.0,5.5974216,0.0,0.0,19.808687,11.49453,0.0,21.7943,0.0,0.0,0.0,0.0,25.748579,0.0,0.0,0.0,0.0,0.0,0.0,0.0,0.0,0.0,0.0,0.0,5.267981,0.0,0.0,0.0,0.0,0.0,0.0,0.0,14.928709,0.0,0.0,6.546494,26.495958,0.0,26.889605,0.0,0.0,0.0,0.0,0.0,0.0,15.763771,22.28928
10.218779,3.7155085,0.0,4.7979836,0.0,15.960687,0.0,0.0,9.5273905,0.0,0.0,0.0,0.0,2.9719057,0.0,0.0,0.0,0.0,15.81397,0.0,0.0,11.692422,2.7145107,0.0,6.731273,0.0,0.0,0.0,0.0,8.002426,0.0,0.0,0.0,0.0,0.0,0.0,0.0,0.0,0.0,2.8473015,0.0,1.0201916,0.0,0.0,0.0,0.0,0.0,0.0,0.0,10.807895,0.0,0.0,1.3232756,7.7449145,0.0,3.5540965,0.0,0.0,0.0,0.0,0.0,0.0,2.6857362,8.646749
14.311427,0.0,10.926063,12.415554,0.0,27.512173,16.752272,0.0,21.626593,0.0,0.0,0.0,0.0,42.00178,0.0,0.0,0.0,0.0,0.0,0.0,0.0,20.76916,14.624028,0.0006107376,25.547087,0.0,0.0,0.0,0.0,29.803913,0.0,0.0,0.0,0.0,0.0,0.0,0.0,0.0,0.0,0.0,0.0,5.0600514,0.0,0.0,0.0,0.0,4.427719,0.0,0.0,13.167217,0.0,0.0,8.660465,31.70386,0.0,35.25875,0.0,0.0,0.7969731,0.0,0.0,0.0,22.254591,22.591642
10.572126,7.201331,0.0,0.0,0.0,15.030748,0.0,0.0,0.6849833,0.0,0.0,0.0,0.0,0.0,0.0,0.0,0.0,0.0,18.234585,0.0,0.0,9.462925,0.41265836,0.0,4.7746835,0.0,0.0,0.0,0.0,6.7608347,0.0,0.0,0.0,0.0,0.0,0.0,0.0,0.0,0.0,0.0,0.0,4.464234,0.27870864,0.0,0.0,0.0,0.0,0.0,3.0425,15.7283535,0.0,0.0,0.0,4.424405,0.0,0.18253338,0.0,6.375007,0.0,0.0,0.0,0.0,0.0,12.766563
5.9391174,0.0,2.9963145,4.390148,0.0,11.009364,4.996496,0.0,8.132622,0.0,0.0,0.0,0.0,14.835012,0.0,0.0,0.0,0.0,1.0350089,0.0,0.0,8.248185,5.2550893,0.0,9.601517,0.0,0.0,0.0,0.0,11.212126,0.0,0.0,0.0,0.0,0.0,0.0,0.0,0.0,0.0,0.0,0.0,1.9781101,0.0,0.0,0.0,0.0,0.5923781,0.0,0.0,5.709932,0.0,0.0,3.1070068,11.75146,0.0,12.47556,0.0,0.0,0.0,0.0,0.0,0.0,7.6551723,9.069182
12.159218,15.413032,0.0,0.0,0.0,13.124635,0.0,0.0,0.53126585,0.0,0.0,0.0,0.0,0.0,0.0,0.0,5.3720665,0.0,27.055384,0.0,0.0,7.2900214,0.0,0.0,2.4931388,0.0,0.0,1.9570856,0.0,0.0,9.727578,0.0,0.0,0.0,0.0,0.15397081,11.527792,0.0,2.74894,0.0,2.4409146,2.5652232,7.8533654,1.8723773,0.0,0.0,0.0,0.0,8.739749,16.264616,0.0,10.396613,0.0,0.0,0.0,0.0,0.0,8.205171,0.0,0.0,0.0,0.0,0.0,9.140521
5.278107,0.0,21.163017,10.025289,0.0,18.194866,31.743164,0.0,15.298533,5.0443115,0.0,0.0,0.0,49.264107,0.0,0.0,0.0,0.0,0.0,0.0,0.0,15.00158,14.702013,6.469209,21.250294,0.0,0.0,0.0,0.0,30.675827,0.0,0.0,0.0,0.0,0.0,0.0,0.0,0.0,0.0,0.0,0.0,10.343787,0.0,0.0,0.0,0.0,18.198647,0.0,0.0,6.548853,0.0,0.0,8.933582,34.773426,0.0,46.379215,0.0,0.0,1.9483768,0.0,0.0,0.0,26.48039,17.585365
10.182691,6.8425565,0.0,3.3091974,0.0,12.97814,0.0,0.0,6.7569327,0.0,0.0,0.0,0.15864189,0.0,0.0,0.0,2.6906383,0.0,15.308033,0.0,0.0,7.9063005,1.7789017,0.0,6.885769,0.0,0.0,0.0,0.0,3.8477716,0.0,0.0,0.0,0.0,0.0,0.0,0.0,0.0,0.0,3.8263016,0.0,0.0,2.8651779,0.0,0.0,0.0,0.0,0.0,0.0,9.712088,0.0,0.0,0.519189,1.8721111,0.0,0.0,0.0,1.1890575,0.0,0.0,0.0,0.0,0.0,8.310352
10.018884,5.3408394,0.0,4.746285,0.0,13.380571,0.0,0.0,8.639073,0.0,0.0,0.0,0.0,2.1549168,0.0,0.0,1.4154606,0.0,13.7421875,0.0,0.0,8.488819,2.6339006,0.0,7.787341,0.0,0.0,0.0,0.0,5.0114174,0.0,0.0,0.0,0.0,0.0,0.0,0.0,0.0,0.0,4.432325,0.0,0.0,1.0554682,0.0,0.0,0.0,0.0,0.0,0.0,8.662417,0.0,0.0,1.3247393,3.5268152,0.0,0.0,0.0,0.0,0.0,0.0,0.0,0.0,1.1713006,8.000922
4.1712365,0.0,31.365932,17.149448,0.0,17.943941,41.04309,0.0,22.628687,8.406551,0.0,0.0,0.0,60.300316,0.0,0.0,0.0,0.0,0.0,0.0,0.0,14.469632,18.482101,10.268667,25.313477,0.0,0.0,0.0,0.0,32.379795,0.0,7.041289,0.0,0.0,0.0,0.0,0.0,0.0,0.0,0.0,0.0,5.7225537,0.0,0.0,0.0,0.0,24.184383,0.0,0.0,1.0463703,0.0,0.0,12.079942,38.078754,0.0,52.987736,0.0,0.0,7.5625944,0.0,0.0,0.0,35.206726,13.744869
8.73006,0.0,1.9558057,7.080325,0.0,14.409084,1.8939716,0.0,12.229987,0.0,0.0,0.0,0.0,14.838181,0.0,0.0,0.0,0.0,5.083815,0.0,0.0,10.484174,6.1346292,0.0,11.735835,0.0,0.0,0.0,0.0,11.574155,0.0,0.0,0.0,0.0,0.0,0.0,0.0,0.0,0.0,2.2502337,0.0,0.0,0.0,0.0,0.0,0.0,0.0,0.0,0.0,6.749692,0.0,0.0,3.7697728,11.929266,0.0,10.576209,0.0,0.0,0.9237836,0.0,0.0,0.0,8.479323,9.706969
3.0527012,0.0,2.0455039,2.5090268,0.0,5.839343,3.1663234,0.0,4.536944,0.0,0.0,0.0,0.0,8.418221,0.0,0.0,0.0,0.0,0.0941003,0.0,0.0,4.3759665,2.9304197,0.0,5.2630806,0.0,0.0,0.0,0.0,6.126915,0.0,0.0,0.0,0.0,0.0,0.0,0.0,0.0,0.0,0.0,0.0,1.0168073,0.0,0.0,0.0,0.0,0.67276734,0.0,0.0,2.8834999,0.0,0.0,1.7667564,6.508398,0.0,7.1001887,0.0,0.0,0.07938095,0.0,0.0,0.0,4.4103627,4.760875
10.12357,12.801186,0.0,1.6184357,0.0,8.679305,0.0,4.093981,5.797053,0.0,0.0,0.0,3.0838325,0.0,0.0,0.0,7.883897,0.0,19.758463,0.0,0.0,4.096207,0.0,0.0,3.8622928,0.102374464,1.5436299,0.0,0.0,0.0,6.0652018,0.0,0.0,0.0,0.0,4.6135416,7.737518,0.0,0.0,6.043925,0.0,0.0,9.153568,0.16886058,0.0,0.0,0.0,0.0,2.3511946,8.476943,0.0,4.040132,0.0,0.0,0.0,0.0,0.0,3.1256394,0.0,0.0,0.0,0.0,0.0,3.4801722
8.363799,0.0,2.5954554,5.4607887,0.0,15.07806,5.0196996,0.0,10.499695,0.0,0.0,0.0,0.0,18.279072,0.0,0.0,0.0,0.0,3.0174766,0.0,0.0,11.293917,6.6261096,0.0,12.457879,0.0,0.0,0.0,0.0,14.669009,0.0,0.0,0.0,0.0,0.0,0.0,0.0,0.0,0.0,0.0,0.0,2.767045,0.0,0.0,0.0,0.0,0.0,0.0,0.0,8.272804,0.0,0.0,3.8567882,15.155917,0.0,15.39831,0.0,0.0,0.0,0.0,0.0,0.0,9.261081,12.448676
11.572015,13.274061,0.0,0.40957394,0.0,13.682183,0.0,0.0,1.732172,0.0,0.0,0.0,0.7875365,0.0,0.0,0.0,5.5029583,0.0,24.616573,0.0,0.0,8.897812,0.1580813,0.0,3.1343653,0.0,0.0,0.0,0.0,0.88340163,6.4197264,0.0,0.0,0.0,0.0,0.93542194,8.928798,0.0,0.0,2.7299678,0.0,0.8696475,7.9221,0.9978033,0.0,0.0,0.0,0.0,5.343566,14.270434,0.0,5.187169,0.0,0.0,0.0,0.0,0.0,6.2659106,0.0,0.0,0.0,0.0,0.0,8.698341
6.802608,0.0,18.358925,15.510967,0.0,17.381092,21.048561,0.0,21.100084,4.1602306,0.0,0.0,0.0,37.965088,0.0,0.0,0.0,0.0,0.0,0.0,0.0,13.219321,12.834523,3.3420997,18.462973,0.0,0.0,0.0,0.0,21.764917,0.0,0.38852164,0.0,0.0,0.0,0.0,0.0,0.0,0.0,2.2133267,0.0,0.20990671,0.0,0.0,0.0,0.0,10.314347,0.0,0.0,2.3567088,0.58266664,0.0,8.892236,25.396545,0.0,31.620562,0.0,0.0,6.5850186,0.0,0.0,0.0,23.937815,9.26126
10.486424,6.6968045,0.0,2.3893123,0.0,15.161178,0.0,0.0,3.9971924,0.0,0.0,0.0,0.0,0.0,0.0,0.0,0.87655115,0.0,17.651934,0.0,0.0,9.8883295,1.6106259,0.0,6.0820074,0.0,0.0,0.0,0.0,6.243731,0.0,0.0,0.0,0.0,0.0,0.0,0.0,0.0,0.0,1.1660292,0.0,1.2071112,1.7915547,0.0,0.0,0.0,0.0,0.0,1.351627,12.834191,0.0,0.0,0.0,3.750598,0.0,0.0,0.0,3.34998,0.0,0.0,0.0,0.0,0.0,11.055473
3.6196856,0.0,2.727876,3.2355208,0.0,6.9856997,4.03691,0.0,5.6340704,0.0,0.0,0.0,0.0,10.384726,0.0,0.0,0.0,0.0,0.0,0.0,0.0,5.2349834,3.621943,0.0,6.3957577,0.0,0.0,0.0,0.0,7.3890285,0.0,0.0,0.0,0.0,0.0,0.0,0.0,0.0,0.0,0.0,0.0,1.0941349,0.0,0.0,0.0,0.0,0.9749691,0.0,0.0,3.2778294,0.0,0.0,2.2063522,7.886331,0.0,8.678789,0.0,0.0,0.2724356,0.0,0.0,0.0,5.5484624,5.5693116
8.748554,0.0,1.7580602,8.052866,0.0,15.59244,2.1891887,0.0,12.404856,0.0,0.0,0.0,0.0,16.274809,0.0,0.0,0.0,0.0,5.0593324,0.0,0.0,11.64245,6.6918907,0.0,12.105973,0.0,0.0,0.0,0.0,13.186579,0.0,0.0,0.0,0.0,0.0,0.0,0.0,0.0,0.0,1.9410375,0.0,0.3083688,0.0,0.0,0.0,0.0,0.0,0.0,0.0,7.12275,0.0,0.0,4.1446924,13.473332,0.0,11.879896,0.0,0.0,1.119529,0.0,0.0,0.0,9.574123,10.570705
5.5085,0.0,9.992698,14.407294,0.0,12.751587,6.659454,0.0,17.84468,3.157414,0.0,0.0,0.0,18.88448,0.0,0.0,0.0,0.0,0.0,0.0,0.0,10.296275,8.099893,0.0,10.281286,0.0,0.0,0.0,0.0,11.157296,0.0,0.0,0.0,0.0,0.0,0.0,0.0,0.0,0.0,7.751216,0.0,0.0,0.0,0.0,0.0,0.0,2.811711,0.0,0.0,0.14150438,3.4461625,0.0,5.8623,13.859446,0.0,13.809367,0.0,0.0,7.427106,0.0,0.0,0.0,15.549362,1.9922099
2.0431373,0.0,40.440945,22.464258,0.0,13.857326,49.891872,0.0,27.24886,11.779161,1.2562969,0.0,0.0,69.08657,0.0,0.0,0.0,0.0,0.0,0.0,0.0,10.926179,21.628828,15.372907,29.665194,0.0,0.0,0.0,0.0,30.443464,0.0,16.803873,0.0,0.0,0.0,0.0,0.0,0.0,0.0,0.3895289,0.0,0.0,0.0,0.0,0.0,0.0,30.075499,0.0,0.0,0.0,4.536964,0.0,14.047669,36.861736,0.0,55.046608,0.0,0.0,12.887591,0.0,0.0,0.0,41.634064,9.510194
9.2076,2.574833,0.0,5.483074,0.0,13.284863,0.0,0.0,9.782503,0.0,0.0,0.0,0.0,6.06441,0.0,0.0,0.0,0.0,10.774696,0.0,0.0,9.232541,3.8252702,0.0,8.694226,0.0,0.0,0.0,0.0,7.0283656,0.0,0.0,0.0,0.0,0.0,0.0,0.0,0.0,0.0,3.7022517,0.0,0.0,0.0,0.0,0.0,0.0,0.0,0.0,0.0,7.741466,0.0,0.0,1.9796271,6.48123,0.0,2.515631,0.0,0.0,0.24678034,0.0,0.0,0.0,3.6557693,8.15376
12.848267,17.293962,0.0,0.0,0.0,12.978107,0.0,0.0,0.0,0.0,0.0,0.0,0.0,0.0,0.0,0.0,4.1284018,0.0,28.389343,0.0,0.0,5.681219,0.0,0.0,1.4931817,0.0,0.0,5.0223985,0.0,0.0,12.112443,0.0,0.0,0.0,0.0,0.4724664,13.170484,0.0,5.120922,0.0,4.8169327,3.6048663,7.368033,2.6387737,0.0,0.0,0.0,0.0,10.25085,18.375526,0.0,13.745636,0.0,0.0,0.0,0.0,0.0,9.910342,0.0,0.0,0.0,0.0,0.0,9.284038
4.7111435,0.0,28.291454,15.5864935,0.0,15.27411,35.380478,0.0,21.956282,6.7433267,0.0,0.0,0.0,52.1086,0.0,0.0,0.0,0.0,0.0,0.0,0.0,11.479108,16.146982,9.6895,23.226746,0.0,0.0,0.0,0.0,26.160858,0.0,7.5578127,0.0,0.0,0.0,0.0,0.0,0.0,0.0,0.0,0.0,1.6474322,0.0,0.0,0.0,0.0,19.498547,0.0,0.0,0.07911819,1.4852207,0.0,10.730549,31.106695,0.0,44.054306,0.0,0.0,7.3603244,0.0,0.0,0.0,30.446842,10.728602
8.252359,0.0,3.8005245,6.090978,0.0,15.135829,6.4202394,0.0,11.154242,0.0,0.0,0.0,0.0,19.894989,0.0,0.0,0.0,0.0,1.7644012,0.0,0.0,11.209974,7.074384,0.0,13.006269,0.0,0.0,0.0,0.0,15.150672,0.0,0.0,0.0,0.0,0.0,0.0,0.0,0.0,0.0,0.0,0.0,2.4715474,0.0,0.0,0.0,0.0,0.42421022,0.0,0.0,7.786968,0.0,0.0,4.268456,15.780794,0.0,16.576738,0.0,0.0,0.0,0.0,0.0,0.0,10.270346,12.294344
9.804017,8.117972,0.0,3.036181,0.0,11.481258,0.0,1.170482,6.459155,0.0,0.0,0.0,1.513407,0.0,0.0,0.0,4.494098,0.0,15.69648,0.0,0.0,6.5055685,1.0378132,0.0,5.71792,0.0,0.0,0.0,0.0,1.5467825,0.0,0.0,0.0,0.0,0.0,0.2050183,0.0,0.0,0.0,4.84927,0.0,0.0,5.0092525,0.0,0.0,0.0,0.0,0.0,0.0,8.7538185,0.0,0.0,0.1749849,0.0,0.0,0.0,0.0,1.6661668,0.0,0.0,0.0,0.0,0.0,6.541978
9.408037,0.9476798,0.0,3.3677223,0.0,15.184343,0.0,0.0,7.140151,0.0,0.0,0.0,0.0,8.977892,0.0,0.0,0.0,0.0,10.237875,0.0,0.0,10.806659,4.026734,0.0,9.326243,0.0,0.0,0.0,0.0,10.978896,0.0,0.0,0.0,0.0,0.0,0.0,0.0,0.0,0.0,0.0,0.0,2.6436007,0.0,0.0,0.0,0.0,0.0,0.0,0.0,10.743611,0.0,0.0,1.9158813,10.0533,0.0,7.362628,0.0,0.0,0.0,0.0,0.0,0.0,3.8033292,12.268971
5.884156,0.0,5.8093724,1.2010874,0.0,11.805589,12.429375,0.0,5.9980764,2.751918,0.0,0.0,0.0,25.856647,0.0,0.0,0.0,0.0,0.0,0.0,0.0,11.866364,8.685735,1.9594989,16.712065,0.0,0.0,0.0,0.0,18.279936,0.0,0.0,0.0,0.0,0.0,0.0,0.0,0.0,0.0,0.0,0.0,8.863507,0.0,0.0,0.0,0.0,7.280143,0.0,0.0,9.134477,0.0,0.0,3.00833,18.8516,0.0,22.200972,0.0,0.0,0.0,0.0,0.0,0.0,10.741236,18.659681
6.975207,0.0,13.165446,8.383708,0.0,17.80907,20.337227,0.0,13.611575,2.3729496,0.0,0.0,0.0,36.944756,0.0,0.0,0.0,0.0,0.0,0.0,0.0,14.260982,11.602869,2.7908778,18.152435,0.0,0.0,0.0,0.0,24.862637,0.0,0.0,0.0,0.0,0.0,0.0,0.0,0.0,0.0,0.0,0.0,7.488005,0.0,0.0,0.0,0.0,10.313989,0.0,0.0,7.8160286,0.0,0.0,6.919714,27.313175,0.0,33.89634,0.0,0.0,0.8149311,0.0,0.0,0.0,19.652452,16.27571
8.030659,0.0,8.081629,12.381825,0.0,13.463722,6.6780257,0.0,17.292883,0.7017973,0.0,0.0,0.0,20.659025,0.0,0.0,0.0,0.0,0.0,0.0,0.0,9.273263,8.41461,0.36781347,14.437538,0.0,0.0,0.0,0.0,10.96463,0.0,0.0,0.0,0.0,0.0,0.0,0.0,0.0,0.0,6.8537817,0.0,0.0,0.0,0.0,0.0,0.0,0.34575444,0.0,0.0,2.1977575,1.2399468,0.0,5.7900147,11.923351,0.0,11.9836235,0.0,0.0,5.208031,0.0,0.0,0.0,13.59704,6.228844
13.323443,19.25845,0.0,0.0,0.0,12.140782,0.0,0.0,0.0,0.0,0.0,0.0,0.0,0.0,0.0,0.0,4.7384152,0.0,29.811172,0.0,0.0,3.732203,0.0,0.0,1.4920154,0.0,0.0,8.505592,0.0,0.0,14.750969,0.0,0.7416736,0.0,0.0,0.6723745,15.588471,0.0,7.2032766,0.0,6.022378,3.432577,8.199576,3.019658,0.0,0.0,0.0,0.0,12.394311,19.01393,0.0,17.765278,0.0,0.0,0.0,0.0,0.0,10.963949,0.0,0.0,0.0,0.0,0.0,9.114144
9.540575,1.7228286,0.0,3.9053986,0.0,15.106946,0.0,0.0,7.2342534,0.0,0.0,0.0,0.0,7.7387133,0.0,0.0,0.0,0.0,11.083553,0.0,0.0,10.638803,3.9306955,0.0,9.055875,0.0,0.0,0.0,0.0,10.080315,0.0,0.0,0.0,0.0,0.0,0.0,0.0,0.0,0.0,0.24975342,0.0,1.6973349,0.0,0.0,0.0,0.0,0.0,0.0,0.0,10.507043,0.0,0.0,1.7904613,8.951087,0.0,5.478367,0.0,0.0,0.0,0.0,0.0,0.0,3.4452145,11.667807
9.151281,0.0,0.0,4.359403,0.0,15.114608,0.0,0.0,8.497375,0.0,0.0,0.0,0.0,11.388259,0.0,0.0,0.0,0.0,8.318819,0.0,0.0,10.934956,4.8353167,0.0,10.246948,0.0,0.0,0.0,0.0,11.776502,0.0,0.0,0.0,0.0,0.0,0.0,0.0,0.0,0.0,0.0,0.0,2.093278,0.0,0.0,0.0,0.0,0.0,0.0,0.0,9.661512,0.0,0.0,2.554778,11.246371,0.0,8.963573,0.0,0.0,0.0,0.0,0.0,0.0,5.395377,12.013716
9.38416,1.7529666,0.0,1.7431537,0.0,14.546521,0.0,0.0,5.573854,0.0,0.0,0.0,0.0,7.468028,0.0,0.0,0.0,0.0,10.742875,0.0,0.0,10.153287,3.4191473,0.0,8.634198,0.0,0.0,0.0,0.0,10.186681,0.0,0.0,0.0,0.0,0.0,0.0,0.0,0.0,0.0,0.0,0.0,3.2070236,0.0,0.0,0.0,0.0,0.0,0.0,0.0,11.583222,0.0,0.0,1.2143118,9.17064,0.0,6.732878,0.0,0.24933329,0.0,0.0,0.0,0.0,2.4002674,12.4818325
8.306445,0.0,2.918862,5.5247636,0.0,14.953881,5.3755,0.0,10.602322,0.0,0.0,0.0,0.0,18.597569,0.0,0.0,0.0,0.0,2.6543896,0.0,0.0,11.178186,6.718928,0.0,12.589543,0.0,0.0,0.0,0.0,14.653839,0.0,0.0,0.0,0.0,0.0,0.0,0.0,0.0,0.0,0.0,0.0,2.6395702,0.0,0.0,0.0,0.0,0.0,0.0,0.0,8.118092,0.0,0.0,3.908929,15.183027,0.0,15.585306,0.0,0.0,0.0,0.0,0.0,0.0,9.438451,12.361727
3.603206,0.0,34.709923,14.852907,0.0,15.058449,44.68608,0.0,22.598593,8.506331,0.0,0.0,0.0,61.28538,0.0,0.0,0.0,0.0,0.0,0.0,0.0,11.582566,18.022497,13.123128,25.724966,0.0,0.0,0.0,0.0,30.479258,0.0,11.315914,0.0,0.0,0.0,0.0,0.0,0.0,0.0,0.0,0.0,4.4965878,0.0,0.0,0.0,0.0,25.47251,0.0,0.0,0.0,1.429622,0.0,11.879219,36.784603,0.0,54.394382,0.0,0.0,7.1163354,0.0,0.0,0.0,34.619938,12.457719
8.780298,0.0,0.0,4.150828,0.0,13.842304,0.0,0.0,9.037084,0.0,0.0,0.0,0.0,11.638377,0.0,0.0,0.0,0.0,6.970584,0.0,0.0,9.928374,4.8054237,0.0,10.413271,0.0,0.0,0.0,0.0,10.839718,0.0,0.0,0.0,0.0,0.0,0.0,0.0,0.0,0.0,0.07785517,0.0,1.1010259,0.0,0.0,0.0,0.0,0.0,0.0,0.0,8.492809,0.0,0.0,2.6623948,10.585775,0.0,8.81801,0.0,0.0,0.0,0.0,0.0,0.0,5.420566,11.079417
15.682641,0.0,5.6174946,11.005857,0.0,28.306208,10.171171,0.0,20.271212,0.0,0.0,0.0,0.0,35.36966,0.0,0.0,0.0,0.0,4.855079,0.0,0.0,21.07715,12.824468,0.0,23.827566,0.0,0.0,0.0,0.0,27.68632,0.0,0.0,0.0,0.0,0.0,0.0,0.0,0.0,0.0,0.0,0.0,4.6459613,0.0,0.0,0.0,0.0,0.0,0.0,0.0,14.958896,0.0,0.0,7.5871964,28.575714,0.0,29.242153,0.0,0.0,0.0,0.0,0.0,0.0,18.162207,23.08754
9.87743,3.1394546,0.0,2.9406967,0.0,15.346923,0.0,0.0,6.0539207,0.0,0.0,0.0,0.0,5.1036954,0.0,0.0,0.0,0.0,13.314925,0.0,0.0,10.614205,3.0270693,0.0,7.9256315,0.0,0.0,0.0,0.0,9.277144,0.0,0.0,0.0,0.0,0.0,0.0,0.0,0.0,0.0,0.0,0.0,2.3156848,0.0,0.0,0.0,0.0,0.0,0.0,0.0,11.724095,0.0,0.0,1.1206456,7.874648,0.0,4.050538,0.0,0.37761536,0.0,0.0,0.0,0.0,1.8585397,11.738202
6.1308117,0.0,17.77731,9.9723835,0.0,15.1274605,23.65465,0.0,16.318346,3.4517994,0.0,0.0,0.0,38.54178,0.0,0.0,0.0,0.0,0.0,0.0,0.0,11.544368,12.037243,5.3279834,18.702381,0.0,0.0,0.0,0.0,22.150696,0.0,0.0,0.0,0.0,0.0,0.0,0.0,0.0,0.0,0.0,0.0,3.5926833,0.0,0.0,0.0,0.0,11.812519,0.0,0.0,4.2799497,0.0,0.0,7.641271,25.432272,0.0,33.810833,0.0,0.0,3.1006827,0.0,0.0,0.0,21.291311,12.404015
4.2729177,0.0,27.864489,12.464308,0.0,18.97471,40.46972,0.0,17.83026,7.2348704,0.0,0.0,0.0,59.38849,0.0,0.0,0.0,0.0,0.0,0.0,0.0,15.831552,17.47859,9.266764,24.252647,0.0,0.0,0.0,0.0,35.19228,0.0,2.2224283,0.0,0.0,0.0,0.0,0.0,0.0,0.0,0.0,0.0,11.514993,0.0,0.0,0.0,0.0,24.144857,0.0,0.0,5.128296,0.0,0.0,10.838347,40.516884,0.0,55.744305,0.0,0.0,3.5925705,0.0,0.0,0.0,32.53788,18.240147
11.237266,8.648824,0.0,0.10125549,0.0,15.942067,0.0,0.0,2.148589,0.0,0.0,0.0,0.0,0.0,0.0,0.0,0.5434633,0.0,20.316727,0.0,0.0,9.724638,0.25911063,0.0,4.2556705,0.0,0.0,0.0,0.0,5.762354,0.31424165,0.0,0.0,0.0,0.0,0.0,0.12591548,0.0,0.0,0.0,0.0,2.595071,2.3141067,0.05284231,0.0,0.0,0.0,0.0,2.8125138,15.260041,0.0,0.0,0.0,3.1841402,0.0,0.0,0.0,5.526127,0.0,0.0,0.0,0.0,0.0,11.341486
9.746755,7.7112646,0.0,3.1786087,0.0,11.557981,0.0,0.91401756,6.714312,0.0,0.0,0.0,1.2636397,0.0,0.0,0.0,4.0664735,0.0,15.242507,0.0,0.0,6.631028,1.2225502,0.0,5.9425745,0.0,0.0,0.0,0.0,1.9226015,0.0,0.0,0.0,0.0,0.0,0.0,0.0,0.0,0.0,4.746302,0.0,0.0,4.4413157,0.0,0.0,0.0,0.0,0.0,0.0,8.626798,0.0,0.0,0.32945222,0.07790068,0.0,0.0,0.0,1.3075118,0.0,0.0,0.0,0.0,0.0,6.6365137
2.6375601,0.0,2.1768265,2.4540412,0.0,5.1874104,3.130054,0.0,4.2494183,0.055097565,0.0,0.0,0.0,7.8667407,0.0,0.0,0.0,0.0,0.0,0.0,0.0,3.9396267,2.7493145,0.019009747,4.7886076,0.0,0.0,0.0,0.0,5.5562925,0.0,0.0,0.0,0.0,0.0,0.0,0.0,0.0,0.0,0.0,0.0,0.8445934,0.0,0.0,0.0,0.0,0.8752818,0.0,0.0,2.3977404,0.0,0.0,1.6641403,5.9747596,0.0,6.603552,0.0,0.0,0.26210484,0.0,0.0,0.0,4.2426176,4.117414
11.106028,8.262268,0.0,0.0,0.0,15.752331,0.0,0.0,1.9606977,0.0,0.0,0.0,0.0,0.0,0.0,0.0,0.08100396,0.0,19.537508,0.0,0.0,9.559628,0.35717025,0.0,4.495845,0.0,0.0,0.0,0.0,6.0927014,0.0,0.0,0.0,0.0,0.0,0.0,0.0,0.0,0.0,0.0,0.0,2.8609629,1.7264075,0.0,0.0,0.0,0.0,0.0,2.7257602,15.223751,0.0,0.0,0.0,3.558046,0.0,0.0,0.0,5.5053077,0.0,0.0,0.0,0.0,0.0,11.641049
11.117415,13.20129,0.0,0.0,2.0705895,7.1399727,0.0,5.4638615,4.4590573,0.0,0.0,0.0,2.2922819,0.0,0.0,0.0,9.223689,0.7875429,16.66046,0.0,0.0,0.0,0.0,0.0,2.6471703,0.0,4.130854,0.0,0.0,0.0,8.844559,0.0,0.8915411,0.0,0.0,2.8723524,8.118912,0.0,0.38743845,2.3604639,0.0,0.0,7.136033,0.0,0.0,0.0,0.0,0.0,2.0280397,9.947995,0.0,6.213527,0.0,0.0,0.0,0.0,0.0,4.6909895,0.0,0.0,0.0,0.0,0.0,5.2941155
11.276324,11.016766,0.0,1.1601169,0.0,14.71139,0.0,0.0,2.1084335,0.0,0.0,0.0,0.32456023,0.0,0.0,0.0,4.232181,0.0,22.701752,0.0,0.0,9.476227,0.35171586,0.0,3.8076334,0.0,0.0,0.0,0.0,2.9170666,3.8675802,0.0,0.0,0.0,0.0,0.0,5.483285,0.0,0.0,2.2766256,0.0,0.9922821,6.3473854,0.6020659,0.0,0.0,0.0,0.0,3.866963,14.159725,0.0,1.4226809,0.0,0.0,0.0,0.0,0.0,5.8678923,0.0,0.0,0.0,0.0,0.0,9.830319
5.2417192,0.0,26.558113,17.490154,0.0,15.751391,31.877493,0.0,23.156164,6.375772,0.0,0.0,0.0,49.27092,0.0,0.0,0.0,0.0,0.0,0.0,0.0,11.628378,15.831759,8.415285,22.65354,0.0,0.0,0.0,0.0,24.481327,0.0,6.7754436,0.0,0.0,0.0,0.0,0.0,0.0,0.0,1.4331007,0.0,0.0,0.0,0.0,0.0,0.0,17.230295,0.0,0.0,0.0,2.3771071,0.0,10.841272,28.935926,0.0,39.837753,0.0,0.0,8.486549,0.0,0.0,0.0,29.86972,9.29471
1.2522105,0.0,1.9704806,1.631099,0.0,2.7420437,2.6332803,0.0,2.6318703,0.2569018,0.0,0.0,0.0,5.2226124,0.0,0.0,0.0,0.0,0.0,0.0,0.0,2.0472383,1.7283057,0.40901974,2.88043,0.0,0.0,0.0,0.0,3.2741835,0.0,0.0,0.0,0.0,0.0,0.0,0.0,0.0,0.0,0.0,0.0,0.36286566,0.0,0.0,0.0,0.0,1.0912201,0.0,0.0,0.9953982,0.0,0.0,1.1073287,3.633945,0.0,4.3732615,0.0,0.0,0.39443222,0.0,0.0,0.0,2.893263,2.1115942
8.945574,0.0,0.0,4.737154,0.0,14.1779375,0.0,0.0,9.697509,0.0,0.0,0.0,0.0,12.038239,0.0,0.0,0.0,0.0,7.032968,0.0,0.0,10.217124,5.036019,0.0,10.768595,0.0,0.0,0.0,0.0,11.028007,0.0,0.0,0.0,0.0,0.0,0.0,0.0,0.0,0.0,0.5808257,0.0,0.7179405,0.0,0.0,0.0,0.0,0.0,0.0,0.0,8.311924,0.0,0.0,2.8590155,10.7709465,0.0,8.810572,0.0,0.0,0.0,0.0,0.0,0.0,5.8648586,11.036707
7.4782877,0.0,11.976922,12.456262,0.0,16.021044,13.925028,0.0,17.466766,2.0176811,0.0,0.0,0.0,29.57909,0.0,0.0,0.0,0.0,0.0,0.0,0.0,11.891438,10.436071,1.6104786,16.335026,0.0,0.0,0.0,0.0,17.790417,0.0,0.0,0.0,0.0,0.0,0.0,0.0,0.0,0.0,2.307631,0.0,0.0,0.0,0.0,0.0,0.0,5.5109563,0.0,0.0,3.771681,0.0,0.0,7.065674,19.841583,0.0,23.11861,0.0,0.0,4.4412417,0.0,0.0,0.0,18.0659,9.700403
10.612435,9.47252,0.0,2.897728,0.0,12.507727,0.0,1.5370495,5.843925,0.0,0.0,0.0,2.0764282,0.0,0.0,0.0,5.627092,0.0,18.150572,0.0,0.0,7.047242,0.65661514,0.0,5.564113,0.0,0.0,0.0,0.0,1.254367,1.0916827,0.0,0.0,0.0,0.0,1.1707067,1.4914637,0.0,0.0,5.098575,0.0,0.0,6.6328626,0.0,0.0,0.0,0.0,0.0,0.5670549,10.080382,0.0,0.0,0.0,0.0,0.0,0.0,0.0,2.9248366,0.0,0.0,0.0,0.0,0.0,7.258902
13.344731,19.336206,0.0,0.0,0.0,12.115315,0.0,0.0,0.0,0.0,0.0,0.0,0.0,0.0,0.0,0.0,4.7135143,0.0,29.867144,0.0,0.0,3.6191547,0.0,0.0,1.4875655,0.0,0.0,8.695581,0.0,0.0,14.86803,0.0,0.8627999,0.0,0.0,0.7017848,15.729722,0.0,7.340185,0.0,6.121219,3.438609,8.197041,3.031306,0.0,0.0,0.0,0.0,12.493866,19.064703,0.0,17.989935,0.0,0.0,0.0,0.0,0.0,11.064332,0.0,0.0,0.0,0.0,0.0,9.152499
3.9207752,0.0,32.351326,15.253844,0.0,21.27877,45.846283,0.0,20.684908,9.087472,0.0,0.0,0.0,66.75176,0.0,0.0,0.0,0.0,0.0,0.0,0.0,18.173782,19.672304,9.955814,26.061213,0.0,0.0,0.0,0.0,39.83974,0.0,3.8631976,0.0,0.0,0.0,0.0,0.0,0.0,0.0,0.0,0.0,13.260234,0.0,0.0,0.0,0.0,28.123892,0.0,0.0,4.753667,0.0,0.0,12.477477,46.374744,0.0,63.592506,0.0,0.0,5.087094,0.0,0.0,0.0,37.714878,18.9221
8.193129,0.0,3.5601408,5.628445,0.0,15.012913,6.3075676,0.0,10.732247,0.0,0.0,0.0,0.0,19.635712,0.0,0.0,0.0,0.0,1.8997049,0.0,0.0,11.259012,6.97851,0.0,12.888936,0.0,0.0,0.0,0.0,15.162476,0.0,0.0,0.0,0.0,0.0,0.0,0.0,0.0,0.0,0.0,0.0,2.8895323,0.0,0.0,0.0,0.0,0.45480677,0.0,0.0,8.054834,0.0,0.0,4.0678577,15.811061,0.0,16.624725,0.0,0.0,0.0,0.0,0.0,0.0,9.988514,12.535327
10.149918,11.230103,0.0,2.3611696,0.0,10.224143,0.0,3.1049073,6.025688,0.0,0.0,0.0,3.1411445,0.0,0.0,0.0,7.2260413,0.0,18.406157,0.0,0.0,5.6199746,0.3310617,0.0,4.2449336,0.0,0.0,0.0,0.0,0.0,3.4364436,0.0,0.0,0.0,0.0,3.6194503,4.736822,0.0,0.0,6.4288177,0.0,0.0,8.269938,0.0,0.0,0.0,0.0,0.0,1.1776592,8.552199,0.0,0.5077462,0.0,0.0,0.0,0.0,0.0,2.5239453,0.0,0.0,0.0,0.0,0.0,4.572831
10.111112,6.419224,0.0,3.3837616,0.0,13.038369,0.0,0.0,6.9194727,0.0,0.0,0.0,0.0,0.29671624,0.0,0.0,2.226842,0.0,14.82028,0.0,0.0,8.022387,1.9617801,0.0,7.1088386,0.0,0.0,0.0,0.0,4.253109,0.0,0.0,0.0,0.0,0.0,0.0,0.0,0.0,0.0,3.6346164,0.0,0.0,2.266552,0.0,0.0,0.0,0.0,0.0,0.0,9.6275215,0.0,0.0,0.65395606,2.3731833,0.0,0.0,0.0,0.89399326,0.0,0.0,0.0,0.0,0.0,8.465606
12.618608,17.711578,0.0,0.0,0.0,11.749337,0.0,1.9422622,0.9450574,0.0,0.0,0.0,0.0,0.0,0.0,0.0,7.2507315,0.0,27.920109,0.0,0.0,4.3897133,0.0,0.0,3.3916445,0.0,0.0,4.7834883,0.0,0.0,12.378074,0.0,0.0,0.0,0.0,1.4660095,14.743681,0.0,4.2640295,0.0,1.6770625,0.12630177,10.055468,1.7034953,0.0,0.0,0.0,0.0,10.335738,15.327609,0.0,14.510892,0.0,0.0,0.0,0.0,0.0,8.591275,0.0,0.0,0.0,0.0,0.0,8.387992
3.4133852,0.0,35.52556,14.560981,0.0,14.913663,46.085564,0.0,22.450567,8.669386,0.0,0.0,0.0,62.58134,0.0,0.0,0.0,0.0,0.0,0.0,0.0,11.46279,18.247818,13.696009,26.087234,0.0,0.0,0.0,0.0,31.055695,0.0,11.785878,0.0,0.0,0.0,0.0,0.0,0.0,0.0,0.0,0.0,4.963605,0.0,0.0,0.0,0.0,26.337622,0.0,0.0,0.0,1.301782,0.0,11.990368,37.498596,0.0,55.831127,0.0,0.0,6.9495316,0.0,0.0,0.0,35.08269,12.814106
12.561195,0.0,5.838101,9.385109,0.0,23.067095,9.768763,0.0,17.049038,0.0,0.0,0.0,0.0,30.412636,0.0,0.0,0.0,0.0,2.711436,0.0,0.0,17.25708,10.903438,0.0,19.889208,0.0,0.0,0.0,0.0,23.144796,0.0,0.0,0.0,0.0,0.0,0.0,0.0,0.0,0.0,0.0,0.0,3.8679397,0.0,0.0,0.0,0.0,0.76055115,0.0,0.0,11.869805,0.0,0.0,6.453211,24.162445,0.0,25.341143,0.0,0.0,0.0,0.0,0.0,0.0,15.82623,18.74379
11.526949,12.02183,0.0,0.0,0.0,14.77082,0.0,0.0,1.3917254,0.0,0.0,0.0,0.0,0.0,0.0,0.0,4.039952,0.0,24.253658,0.0,0.0,9.731129,0.0,0.0,2.9040856,0.0,0.0,0.0,0.0,2.5860274,5.1058984,0.0,0.0,0.0,0.0,0.0,7.000369,0.0,0.0,1.532486,0.21330263,2.259216,6.246805,1.0638479,0.0,0.0,0.0,0.0,5.145335,15.179301,0.0,3.543895,0.0,0.0,0.0,0.0,0.0,6.58546,0.0,0.0,0.0,0.0,0.0,9.788154
9.062027,1.7024299,0.0,4.572185,0.0,13.283225,0.0,0.0,9.16567,0.0,0.0,0.0,0.0,7.8731747,0.0,0.0,0.0,0.0,9.2914715,0.0,0.0,9.141324,3.971588,0.0,9.2406845,0.0,0.0,0.0,0.0,8.22475,0.0,0.0,0.0,0.0,0.0,0.0,0.0,0.0,0.0,2.1277502,0.0,0.0,0.0,0.0,0.0,0.0,0.0,0.0,0.0,8.06094,0.0,0.0,2.203297,7.656086,0.0,4.6300497,0.0,0.0,0.0,0.0,0.0,0.0,3.8889163,9.318448
4.053372,0.0,31.872578,16.167822,0.0,14.691185,40.59116,0.0,22.44431,7.3321366,0.0,0.0,0.0,57.42242,0.0,0.0,0.0,0.0,0.0,0.0,0.0,10.663041,17.524378,12.084717,25.043894,0.0,0.0,0.0,0.0,27.678698,0.0,10.218423,0.0,0.0,0.0,0.0,0.0,0.0,0.0,0.0,0.0,1.4445627,0.0,0.0,0.0,0.0,22.658222,0.0,0.0,0.0,2.2540174,0.0,11.628532,32.958065,0.0,48.073357,0.0,0.0,7.9053245,0.0,0.0,0.0,32.98654,11.065114
10.181684,13.152216,0.0,1.1974983,0.0,8.393925,0.0,4.8091393,5.565915,0.0,0.0,0.0,2.6775444,0.0,0.0,0.0,7.8771043,0.0,19.826044,0.2615724,0.0,3.2889776,0.0,0.0,3.9507995,0.15955544,2.2175782,0.0,0.0,0.0,6.5726013,0.0,0.0,0.0,0.0,5.0323524,8.509893,0.0,0.0,5.6072273,0.0,0.0,9.232859,0.118767306,0.0,0.0,0.0,0.0,2.6770635,8.402869,0.0,5.1504345,0.0,0.0,0.0,0.0,0.0,3.5225596,0.0,0.0,0.0,0.0,0.0,3.524502
7.015437,0.0,7.0385575,5.1644826,0.0,14.498169,11.825401,0.0,10.28486,0.28864536,0.0,0.0,0.0,24.872908,0.0,0.0,0.0,0.0,0.0,0.0,0.0,11.206165,8.060322,0.91665226,13.934448,0.0,0.0,0.0,0.0,17.7244,0.0,0.0,0.0,0.0,0.0,0.0,0.0,0.0,0.0,0.0,0.0,5.019204,0.0,0.0,0.0,0.0,4.459127,0.0,0.0,7.745665,0.0,0.0,4.5861816,19.096338,0.0,22.580896,0.0,0.0,0.0,0.0,0.0,0.0,12.459956,13.470716
6.8740706,0.0,16.172293,15.725253,0.0,15.306219,17.157703,0.0,20.765461,3.501122,0.0,0.0,0.0,33.08363,0.0,0.0,0.0,0.0,0.0,0.0,0.0,11.154191,11.795469,3.1309104,17.62752,0.0,0.0,0.0,0.0,17.375683,0.0,0.80016774,0.0,0.0,0.0,0.0,0.0,0.0,0.0,5.1220655,0.0,0.0,0.0,0.0,0.0,0.0,7.5913653,0.0,0.0,0.8652147,1.9728172,0.0,8.270863,20.133877,0.0,24.505262,0.0,0.0,7.2302403,0.0,0.0,0.0,21.399607,7.0997643
10.999057,7.7388725,0.0,0.05383069,0.0,15.739549,0.0,0.0,2.3671088,0.0,0.0,0.0,0.0,0.0,0.0,0.0,0.0,0.0,18.87244,0.0,0.0,9.655956,0.6227075,0.0,4.828052,0.0,0.0,0.0,0.0,6.45834,0.0,0.0,0.0,0.0,0.0,0.0,0.0,0.0,0.0,0.0,0.0,2.8373945,1.1106889,0.0,0.0,0.0,0.0,0.0,2.4038486,14.912715,0.0,0.0,0.0,4.0595217,0.0,0.0,0.0,4.979893,0.0,0.0,0.0,0.0,0.0,11.660636
9.300373,1.5316507,0.0,3.6620803,0.0,13.924002,0.0,0.0,8.050422,0.0,0.0,0.0,0.0,8.360572,0.0,0.0,0.0,0.0,9.546266,0.0,0.0,9.609473,3.9544413,0.0,9.49656,0.0,0.0,0.0,0.0,9.261659,0.0,0.0,0.0,0.0,0.0,0.0,0.0,0.0,0.0,0.68574786,0.0,0.5525349,0.0,0.0,0.0,0.0,0.0,0.0,0.0,9.3368635,0.0,0.0,1.9771768,8.426558,0.0,5.6390004,0.0,0.0,0.0,0.0,0.0,0.0,3.590412,10.831481
11.186989,14.51754,0.0,0.75443065,0.0,9.444799,0.0,4.6666493,5.27341,0.0,0.0,0.0,2.574699,0.0,0.0,0.0,8.488994,0.0,22.256836,0.06706288,0.0,3.8842096,0.0,0.0,4.375645,0.15047795,2.0196474,0.0,0.0,0.0,7.6835117,0.0,0.0,0.0,0.0,4.7597,9.826919,0.0,0.0,5.2980723,0.0,0.0,10.081241,0.28585973,0.0,0.0,0.0,0.0,3.8896446,9.951062,0.0,6.681018,0.0,0.0,0.0,0.0,0.0,4.4467797,0.0,0.0,0.0,0.0,0.0,4.5714107
