,1,2,3,4,5,6,7,8,9,10,11,12,13,14,15,16,17,18,19
0,0.007488618,-0.0029135374,0.012315349,0.016056867,0.007051868,0.00080419314,0.011580466,0.0033713647,0.005505665,-0.0061683664,-0.007887653,-0.009054325,0.008219706,-0.00046957924,0.002197236,-0.0081753135,0.013286816,-0.002640186,-0.010924795
1,0.007488618,-0.0029135374,0.012315349,0.016056867,0.007051868,0.00080419314,0.011580466,0.0033713647,0.005505665,-0.0061683664,-0.007887653,-0.009054325,0.008219706,-0.00046957924,0.002197236,-0.0081753135,0.013286816,-0.002640186,-0.010924795
2,0.007488618,-0.0029135374,0.012315349,0.016056867,0.007051868,0.00080419314,0.011580466,0.0033713647,0.005505665,-0.0061683664,-0.007887653,-0.009054325,0.008219706,-0.00046957924,0.002197236,-0.0081753135,0.013286816,-0.002640186,-0.010924795
3,0.007488618,-0.0029135374,0.012315349,0.016056867,0.007051868,0.00080419314,0.011580466,0.0033713647,0.005505665,-0.0061683664,-0.007887653,-0.009054325,0.008219706,-0.00046957924,0.002197236,-0.0081753135,0.013286816,-0.002640186,-0.010924795
4,0.007488618,-0.0029135374,0.012315349,0.016056867,0.007051868,0.00080419314,0.011580466,0.0033713647,0.005505665,-0.0061683664,-0.007887653,-0.009054325,0.008219706,-0.00046957924,0.002197236,-0.0081753135,0.013286816,-0.002640186,-0.010924795
5,0.007488618,-0.0029135374,0.012315349,0.016056867,0.007051868,0.00080419314,0.011580466,0.0033713647,0.005505665,-0.0061683664,-0.007887653,-0.009054325,0.008219706,-0.00046957924,0.002197236,-0.0081753135,0.013286816,-0.002640186,-0.010924795
6,0.009952816,-0.015883492,0.01465178,0.013261659,0.006921319,-0.01102674,0.0023530966,-0.0051295008,0.0070339586,-0.00076408545,-0.01264889,-0.00180501,0.0038263162,-0.0114255855,-0.0035066016,-0.0007784946,0.008666803,0.027141947,-0.01513139
7,0.009952816,-0.015883492,0.01465178,0.013261659,0.006921319,-0.01102674,0.0023530966,-0.0051295008,0.0070339586,-0.00076408545,-0.01264889,-0.00180501,0.0038263162,-0.0114255855,-0.0035066016,-0.0007784946,0.008666803,0.027141947,-0.01513139
8,0.009952816,-0.015883492,0.01465178,0.013261659,0.006921319,-0.01102674,0.0023530966,-0.0051295008,0.0070339586,-0.00076408545,-0.01264889,-0.00180501,0.0038263162,-0.0114255855,-0.0035066016,-0.0007784946,0.008666803,0.027141947,-0.01513139
9,0.009952816,-0.015883492,0.01465178,0.013261659,0.006921319,-0.01102674,0.0023530966,-0.0051295008,0.0070339586,-0.00076408545,-0.01264889,-0.00180501,0.0038263162,-0.0114255855,-0.0035066016,-0.0007784946,0.008666803,0.027141947,-0.01513139
10,0.009952816,-0.015883492,0.01465178,0.013261659,0.006921319,-0.01102674,0.0023530966,-0.0051295008,0.0070339586,-0.00076408545,-0.01264889,-0.00180501,0.0038263162,-0.0114255855,-0.0035066016,-0.0007784946,0.008666803,0.027141947,-0.01513139
11,0.009952816,-0.015883492,0.01465178,0.013261659,0.006921319,-0.01102674,0.0023530966,-0.0051295008,0.0070339586,-0.00076408545,-0.01264889,-0.00180501,0.0038263162,-0.0114255855,-0.0035066016,-0.0007784946,0.008666803,0.027141947,-0.01513139
12,0.0110698305,-0.01094936,0.0069897464,-0.004624325,-0.0023679528,-0.0060334527,0.011140748,-0.006957213,-0.0025690733,0.0054475004,-0.0036293156,-0.0067588617,-0.0046262345,-0.0075084222,0.0006270319,-0.009434416,0.009836371,0.0130652115,0.0032675436
13,0.0110698305,-0.01094936,0.0069897464,-0.004624325,-0.0023679528,-0.0060334527,0.011140748,-0.006957213,-0.0025690733,0.0054475004,-0.0036293156,-0.0067588617,-0.0046262345,-0.0075084222,0.0006270319,-0.009434416,0.009836371,0.0130652115,0.0032675436
14,0.0110698305,-0.01094936,0.0069897464,-0.004624325,-0.0023679528,-0.0060334527,0.011140748,-0.006957213,-0.0025690733,0.0054475004,-0.0036293156,-0.0067588617,-0.0046262345,-0.0075084222,0.0006270319,-0.009434416,0.009836371,0.0130652115,0.0032675436
15,0.0110698305,-0.01094936,0.0069897464,-0.004624325,-0.0023679528,-0.0060334527,0.011140748,-0.006957213,-0.0025690733,0.0054475004,-0.0036293156,-0.0067588617,-0.0046262345,-0.0075084222,0.0006270319,-0.009434416,0.009836371,0.0130652115,0.0032675436
16,0.0110698305,-0.01094936,0.0069897464,-0.004624325,-0.0023679528,-0.0060334527,0.011140748,-0.006957213,-0.0025690733,0.0054475004,-0.0036293156,-0.0067588617,-0.0046262345,-0.0075084222,0.0006270319,-0.009434416,0.009836371,0.0130652115,0.0032675436
17,0.0110698305,-0.01094936,0.0069897464,-0.004624325,-0.0023679528,-0.0060334527,0.011140748,-0.006957213,-0.0025690733,0.0054475004,-0.0036293156,-0.0067588617,-0.0046262345,-0.0075084222,0.0006270319,-0.009434416,0.009836371,0.0130652115,0.0032675436
18,0.0024851416,-0.011958512,0.008417296,0.007428794,0.0038770244,0.0035905675,0.0010344282,-0.003888103,-0.003033938,-0.0055585215,-0.01381643,0.00365491,0.010108588,0.006787497,-0.013190188,-0.0060077896,0.012959341,0.0206781,-0.014470792
19,0.0024851416,-0.011958512,0.008417296,0.007428794,0.0038770244,0.0035905675,0.0010344282,-0.003888103,-0.003033938,-0.0055585215,-0.01381643,0.00365491,0.010108588,0.006787497,-0.013190188,-0.0060077896,0.012959341,0.0206781,-0.014470792
20,0.0024851416,-0.011958512,0.008417296,0.007428794,0.0038770244,0.0035905675,0.0010344282,-0.003888103,-0.003033938,-0.0055585215,-0.01381643,0.00365491,0.010108588,0.006787497,-0.013190188,-0.0060077896,0.012959341,0.0206781,-0.014470792
21,0.0024851416,-0.011958512,0.008417296,0.007428794,0.0038770244,0.0035905675,0.0010344282,-0.003888103,-0.003033938,-0.0055585215,-0.01381643,0.00365491,0.010108588,0.006787497,-0.013190188,-0.0060077896,0.012959341,0.0206781,-0.014470792
22,0.0024851416,-0.011958512,0.008417296,0.007428794,0.0038770244,0.0035905675,0.0010344282,-0.003888103,-0.003033938,-0.0055585215,-0.01381643,0.00365491,0.010108588,0.006787497,-0.013190188,-0.0060077896,0.012959341,0.0206781,-0.014470792
23,0.0024851416,-0.011958512,0.008417296,0.007428794,0.0038770244,0.0035905675,0.0010344282,-0.003888103,-0.003033938,-0.0055585215,-0.01381643,0.00365491,0.010108588,0.006787497,-0.013190188,-0.0060077896,0.012959341,0.0206781,-0.014470792
24,0.0036756278,-0.0049401564,0.008094695,0.002010374,0.008965042,-0.0013119184,-0.0011554678,0.009966366,-0.0042560045,0.00058193784,-0.007424529,-0.0044334475,-0.0028099562,-0.00076216663,-0.012358325,-0.0010532931,0.021932341,0.018129362,-0.010379175
25,0.0036756278,-0.0049401564,0.008094695,0.002010374,0.008965042,-0.0013119184,-0.0011554678,0.009966366,-0.0042560045,0.00058193784,-0.007424529,-0.0044334475,-0.0028099562,-0.00076216663,-0.012358325,-0.0010532931,0.021932341,0.018129362,-0.010379175
26,0.0036756278,-0.0049401564,0.008094695,0.002010374,0.008965042,-0.0013119184,-0.0011554678,0.009966366,-0.0042560045,0.00058193784,-0.007424529,-0.0044334475,-0.0028099562,-0.00076216663,-0.012358325,-0.0010532931,0.021932341,0.018129362,-0.010379175
27,0.0036756278,-0.0049401564,0.008094695,0.002010374,0.008965042,-0.0013119184,-0.0011554678,0.009966366,-0.0042560045,0.00058193784,-0.007424529,-0.0044334475,-0.0028099562,-0.00076216663,-0.012358325,-0.0010532931,0.021932341,0.018129362,-0.010379175
28,0.0036756278,-0.0049401564,0.008094695,0.002010374,0.008965042,-0.0013119184,-0.0011554678,0.009966366,-0.0042560045,0.00058193784,-0.007424529,-0.0044334475,-0.0028099562,-0.00076216663,-0.012358325,-0.0010532931,0.021932341,0.018129362,-0.010379175
29,0.0036756278,-0.0049401564,0.008094695,0.002010374,0.008965042,-0.0013119184,-0.0011554678,0.009966366,-0.0042560045,0.00058193784,-0.007424529,-0.0044334475,-0.0028099562,-0.00076216663,-0.012358325,-0.0010532931,0.021932341,0.018129362,-0.010379175
30,0.006213337,-0.015480309,0.012066181,-0.002762613,0.004965461,-0.006847534,0.005819082,-0.010643652,-0.013369115,0.0029618964,-0.004235547,-0.005068518,0.0014947796,0.009184755,0.0016769972,0.0018782767,0.012119514,0.0041044294,0.008965808
31,0.006213337,-0.015480309,0.012066181,-0.002762613,0.004965461,-0.006847534,0.005819082,-0.010643652,-0.013369115,0.0029618964,-0.004235547,-0.005068518,0.0014947796,0.009184755,0.0016769972,0.0018782767,0.012119514,0.0041044294,0.008965808
32,0.006213337,-0.015480309,0.012066181,-0.002762613,0.004965461,-0.006847534,0.005819082,-0.010643652,-0.013369115,0.0029618964,-0.004235547,-0.005068518,0.0014947796,0.009184755,0.0016769972,0.0018782767,0.012119514,0.0041044294,0.008965808
33,0.006213337,-0.015480309,0.012066181,-0.002762613,0.004965461,-0.006847534,0.005819082,-0.010643652,-0.013369115,0.0029618964,-0.004235547,-0.005068518,0.0014947796,0.009184755,0.0016769972,0.0018782767,0.012119514,0.0041044294,0.008965808
34,0.006213337,-0.015480309,0.012066181,-0.002762613,0.004965461,-0.006847534,0.005819082,-0.010643652,-0.013369115,0.0029618964,-0.004235547,-0.005068518,0.0014947796,0.009184755,0.0016769972,0.0018782767,0.012119514,0.0041044294,0.008965808
35,0.006213337,-0.015480309,0.012066181,-0.002762613,0.004965461,-0.006847534,0.005819082,-0.010643652,-0.013369115,0.0029618964,-0.004235547,-0.005068518,0.0014947796,0.009184755,0.0016769972,0.0018782767,0.012119514,0.0041044294,0.008965808
36,0.009301103,-0.012396239,0.0014130891,0.001896133,0.003598854,0.0034857397,0.0073643746,-0.0043685357,-0.0015965408,0.0105052125,-0.0038127361,-0.0016139472,-0.0063594556,0.004968877,-0.0061211907,-0.00743247,0.015819203,0.011013981,-0.0026480115
37,0.009301103,-0.012396239,0.0014130891,0.001896133,0.003598854,0.0034857397,0.0073643746,-0.0043685357,-0.0015965408,0.0105052125,-0.0038127361,-0.0016139472,-0.0063594556,0.004968877,-0.0061211907,-0.00743247,0.015819203,0.011013981,-0.0026480115
38,0.009301103,-0.012396239,0.0014130891,0.001896133,0.003598854,0.0034857397,0.0073643746,-0.0043685357,-0.0015965408,0.0105052125,-0.0038127361,-0.0016139472,-0.0063594556,0.004968877,-0.0061211907,-0.00743247,0.015819203,0.011013981,-0.0026480115
39,0.009301103,-0.012396239,0.0014130891,0.001896133,0.003598854,0.0034857397,0.0073643746,-0.0043685357,-0.0015965408,0.0105052125,-0.0038127361,-0.0016139472,-0.0063594556,0.004968877,-0.0061211907,-0.00743247,0.015819203,0.011013981,-0.0026480115
40,0.009301103,-0.012396239,0.0014130891,0.001896133,0.003598854,0.0034857397,0.0073643746,-0.0043685357,-0.0015965408,0.0105052125,-0.0038127361,-0.0016139472,-0.0063594556,0.004968877,-0.0061211907,-0.00743247,0.015819203,0.011013981,-0.0026480115
41,0.009301103,-0.012396239,0.0014130891,0.001896133,0.003598854,0.0034857397,0.0073643746,-0.0043685357,-0.0015965408,0.0105052125,-0.0038127361,-0.0016139472,-0.0063594556,0.004968877,-0.0061211907,-0.00743247,0.015819203,0.011013981,-0.0026480115
42,0.006704412,-0.01222574,0.008494323,0.011391256,0.0064064735,-0.006551333,0.0111738,0.008685155,-0.00033032626,-0.0035182368,-0.0077857096,-0.009305778,-0.0020697908,0.007060089,-0.0057890005,0.0030717994,0.0113517465,0.0035097545,-0.0062046223
43,0.006704412,-0.01222574,0.008494323,0.011391256,0.0064064735,-0.006551333,0.0111738,0.008685155,-0.00033032626,-0.0035182368,-0.0077857096,-0.009305778,-0.0020697908,0.007060089,-0.0057890005,0.0030717994,0.0113517465,0.0035097545,-0.0062046223
44,0.006704412,-0.01222574,0.008494323,0.011391256,0.0064064735,-0.006551333,0.0111738,0.008685155,-0.00033032626,-0.0035182368,-0.0077857096,-0.009305778,-0.0020697908,0.007060089,-0.0057890005,0.0030717994,0.0113517465,0.0035097545,-0.0062046223
45,0.006704412,-0.01222574,0.008494323,0.011391256,0.0064064735,-0.006551333,0.0111738,0.008685155,-0.00033032626,-0.0035182368,-0.0077857096,-0.009305778,-0.0020697908,0.007060089,-0.0057890005,0.0030717994,0.0113517465,0.0035097545,-0.0062046223
46,0.006704412,-0.01222574,0.008494323,0.011391256,0.0064064735,-0.006551333,0.0111738,0.008685155,-0.00033032626,-0.0035182368,-0.0077857096,-0.009305778,-0.0020697908,0.007060089,-0.0057890005,0.0030717994,0.0113517465,0.0035097545,-0.0062046223
47,0.006704412,-0.01222574,0.008494323,0.011391256,0.0064064735,-0.006551333,0.0111738,0.008685155,-0.00033032626,-0.0035182368,-0.0077857096,-0.009305778,-0.0020697908,0.007060089,-0.0057890005,0.0030717994,0.0113517465,0.0035097545,-0.0062046223
48,0.004849561,-0.011652877,0.010245044,-0.006316074,0.010249161,-0.009582084,0.001964662,-0.008681379,-0.010910207,-2.3398014e-05,-0.01030034,-0.003453274,-0.000678264,0.0013862731,-0.01404555,-0.00043833882,0.025003448,0.009614017,-0.0018922172
49,0.004849561,-0.011652877,0.010245044,-0.006316074,0.010249161,-0.009582084,0.001964662,-0.008681379,-0.010910207,-2.3398014e-05,-0.01030034,-0.003453274,-0.000678264,0.0013862731,-0.01404555,-0.00043833882,0.025003448,0.009614017,-0.0018922172
50,0.004849561,-0.011652877,0.010245044,-0.006316074,0.010249161,-0.009582084,0.001964662,-0.008681379,-0.010910207,-2.3398014e-05,-0.01030034,-0.003453274,-0.000678264,0.0013862731,-0.01404555,-0.00043833882,0.025003448,0.009614017,-0.0018922172
51,0.004849561,-0.011652877,0.010245044,-0.006316074,0.010249161,-0.009582084,0.001964662,-0.008681379,-0.010910207,-2.3398014e-05,-0.01030034,-0.003453274,-0.000678264,0.0013862731,-0.01404555,-0.00043833882,0.025003448,0.009614017,-0.0018922172
52,0.004849561,-0.011652877,0.010245044,-0.006316074,0.010249161,-0.009582084,0.001964662,-0.008681379,-0.010910207,-2.3398014e-05,-0.01030034,-0.003453274,-0.000678264,0.0013862731,-0.01404555,-0.00043833882,0.025003448,0.009614017,-0.0018922172
53,0.004849561,-0.011652877,0.010245044,-0.006316074,0.010249161,-0.009582084,0.001964662,-0.008681379,-0.010910207,-2.3398014e-05,-0.01030034,-0.003453274,-0.000678264,0.0013862731,-0.01404555,-0.00043833882,0.025003448,0.009614017,-0.0018922172
54,0.0069969827,0.00599611,-0.0051423404,-0.004273286,0.0017229684,-0.0036896502,0.017461559,0.0013066516,0.008209986,0.007470352,-0.0012262628,-0.00040576278,0.00030057642,-0.001247026,-0.010561005,-0.0064976113,0.028909158,0.0025238092,0.00820046
55,0.0069969827,0.00599611,-0.0051423404,-0.004273286,0.0017229684,-0.0036896502,0.017461559,0.0013066516,0.008209986,0.007470352,-0.0012262628,-0.00040576278,0.00030057642,-0.001247026,-0.010561005,-0.0064976113,0.028909158,0.0025238092,0.00820046
56,0.0069969827,0.00599611,-0.0051423404,-0.004273286,0.0017229684,-0.0036896502,0.017461559,0.0013066516,0.008209986,0.007470352,-0.0012262628,-0.00040576278,0.00030057642,-0.001247026,-0.010561005,-0.0064976113,0.028909158,0.0025238092,0.00820046
57,0.0069969827,0.00599611,-0.0051423404,-0.004273286,0.0017229684,-0.0036896502,0.017461559,0.0013066516,0.008209986,0.007470352,-0.0012262628,-0.00040576278,0.00030057642,-0.001247026,-0.010561005,-0.0064976113,0.028909158,0.0025238092,0.00820046
58,0.0069969827,0.00599611,-0.0051423404,-0.004273286,0.0017229684,-0.0036896502,0.017461559,0.0013066516,0.008209986,0.007470352,-0.0012262628,-0.00040576278,0.00030057642,-0.001247026,-0.010561005,-0.0064976113,0.028909158,0.0025238092,0.00820046
59,0.0069969827,0.00599611,-0.0051423404,-0.004273286,0.0017229684,-0.0036896502,0.017461559,0.0013066516,0.008209986,0.007470352,-0.0012262628,-0.00040576278,0.00030057642,-0.001247026,-0.010561005,-0.0064976113,0.028909158,0.0025238092,0.00820046
60,0.0045395894,-0.0063754306,-0.004051195,0.00081442075,0.0041639195,-0.004418355,0.0015515841,-0.008592526,-0.0057581156,0.010619826,-0.0057933074,-0.005313557,-0.0014369234,-0.006307404,-0.0198889,-0.004419753,0.013693218,0.02640147,-0.009137833
61,0.0045395894,-0.0063754306,-0.004051195,0.00081442075,0.0041639195,-0.004418355,0.0015515841,-0.008592526,-0.0057581156,0.010619826,-0.0057933074,-0.005313557,-0.0014369234,-0.006307404,-0.0198889,-0.004419753,0.013693218,0.02640147,-0.009137833
62,0.0045395894,-0.0063754306,-0.004051195,0.00081442075,0.0041639195,-0.004418355,0.0015515841,-0.008592526,-0.0057581156,0.010619826,-0.0057933074,-0.005313557,-0.0014369234,-0.006307404,-0.0198889,-0.004419753,0.013693218,0.02640147,-0.009137833
63,0.0045395894,-0.0063754306,-0.004051195,0.00081442075,0.0041639195,-0.004418355,0.0015515841,-0.008592526,-0.0057581156,0.010619826,-0.0057933074,-0.005313557,-0.0014369234,-0.006307404,-0.0198889,-0.004419753,0.013693218,0.02640147,-0.009137833
64,0.0045395894,-0.0063754306,-0.004051195,0.00081442075,0.0041639195,-0.004418355,0.0015515841,-0.008592526,-0.0057581156,0.010619826,-0.0057933074,-0.005313557,-0.0014369234,-0.006307404,-0.0198889,-0.004419753,0.013693218,0.02640147,-0.009137833
65,0.0045395894,-0.0063754306,-0.004051195,0.00081442075,0.0041639195,-0.004418355,0.0015515841,-0.008592526,-0.0057581156,0.010619826,-0.0057933074,-0.005313557,-0.0014369234,-0.006307404,-0.0198889,-0.004419753,0.013693218,0.02640147,-0.009137833
66,0.00400145,-0.007345487,0.003283457,0.0010894261,0.019382589,0.0017336264,0.000411913,-0.0053566685,-0.007946226,0.0018162068,-0.0064547337,-0.002868611,0.0022341919,0.0011980897,-0.0029943571,-0.007058197,0.007306102,-0.00073737674,-0.011799513
67,0.00400145,-0.007345487,0.003283457,0.0010894261,0.019382589,0.0017336264,0.000411913,-0.0053566685,-0.007946226,0.0018162068,-0.0064547337,-0.002868611,0.0022341919,0.0011980897,-0.0029943571,-0.007058197,0.007306102,-0.00073737674,-0.011799513
68,0.00400145,-0.007345487,0.003283457,0.0010894261,0.019382589,0.0017336264,0.000411913,-0.0053566685,-0.007946226,0.0018162068,-0.0064547337,-0.002868611,0.0022341919,0.0011980897,-0.0029943571,-0.007058197,0.007306102,-0.00073737674,-0.011799513
69,0.00400145,-0.007345487,0.003283457,0.0010894261,0.019382589,0.0017336264,0.000411913,-0.0053566685,-0.007946226,0.0018162068,-0.0064547337,-0.002868611,0.0022341919,0.0011980897,-0.0029943571,-0.007058197,0.007306102,-0.00073737674,-0.011799513
70,0.00400145,-0.007345487,0.003283457,0.0010894261,0.019382589,0.0017336264,0.000411913,-0.0053566685,-0.007946226,0.0018162068,-0.0064547337,-0.002868611,0.0022341919,0.0011980897,-0.0029943571,-0.007058197,0.007306102,-0.00073737674,-0.011799513
71,0.00400145,-0.007345487,0.003283457,0.0010894261,0.019382589,0.0017336264,0.000411913,-0.0053566685,-0.007946226,0.0018162068,-0.0064547337,-0.002868611,0.0022341919,0.0011980897,-0.0029943571,-0.007058197,0.007306102,-0.00073737674,-0.011799513
72,0.014550404,-0.016035765,0.010417305,0.0054947576,0.011728176,0.0006401444,-0.003768345,0.01414998,-0.015821924,0.0053227497,-0.01306364,-0.0074623986,0.009152708,0.0068700495,-0.006557176,-0.015780486,0.008501829,0.00456875,0.0011416114
73,0.014550404,-0.016035765,0.010417305,0.0054947576,0.011728176,0.0006401444,-0.003768345,0.01414998,-0.015821924,0.0053227497,-0.01306364,-0.0074623986,0.009152708,0.0068700495,-0.006557176,-0.015780486,0.008501829,0.00456875,0.0011416114
74,0.014550404,-0.016035765,0.010417305,0.0054947576,0.011728176,0.0006401444,-0.003768345,0.01414998,-0.015821924,0.0053227497,-0.01306364,-0.0074623986,0.009152708,0.0068700495,-0.006557176,-0.015780486,0.008501829,0.00456875,0.0011416114
75,0.014550404,-0.016035765,0.010417305,0.0054947576,0.011728176,0.0006401444,-0.003768345,0.01414998,-0.015821924,0.0053227497,-0.01306364,-0.0074623986,0.009152708,0.0068700495,-0.006557176,-0.015780486,0.008501829,0.00456875,0.0011416114
76,0.014550404,-0.016035765,0.010417305,0.0054947576,0.011728176,0.0006401444,-0.003768345,0.01414998,-0.015821924,0.0053227497,-0.01306364,-0.0074623986,0.009152708,0.0068700495,-0.006557176,-0.015780486,0.008501829,0.00456875,0.0011416114
77,0.014550404,-0.016035765,0.010417305,0.0054947576,0.011728176,0.0006401444,-0.003768345,0.01414998,-0.015821924,0.0053227497,-0.01306364,-0.0074623986,0.009152708,0.0068700495,-0.006557176,-0.015780486,0.008501829,0.00456875,0.0011416114
78,0.021706805,-0.0068596825,0.009215761,0.006217436,0.016085444,0.0025101048,0.015342504,0.009087076,0.017111227,-0.008847687,0.011256181,-0.0035229223,-0.007396214,0.011550633,-0.0015625211,-0.009232327,0.017789733,0.00051260367,0.0025882758
79,0.021706805,-0.0068596825,0.009215761,0.006217436,0.016085444,0.0025101048,0.015342504,0.009087076,0.017111227,-0.008847687,0.011256181,-0.0035229223,-0.007396214,0.011550633,-0.0015625211,-0.009232327,0.017789733,0.00051260367,0.0025882758
80,0.021706805,-0.0068596825,0.009215761,0.006217436,0.016085444,0.0025101048,0.015342504,0.009087076,0.017111227,-0.008847687,0.011256181,-0.0035229223,-0.007396214,0.011550633,-0.0015625211,-0.009232327,0.017789733,0.00051260367,0.0025882758
81,0.021706805,-0.0068596825,0.009215761,0.006217436,0.016085444,0.0025101048,0.015342504,0.009087076,0.017111227,-0.008847687,0.011256181,-0.0035229223,-0.007396214,0.011550633,-0.0015625211,-0.009232327,0.017789733,0.00051260367,0.0025882758
82,0.021706805,-0.0068596825,0.009215761,0.006217436,0.016085444,0.0025101048,0.015342504,0.009087076,0.017111227,-0.008847687,0.011256181,-0.0035229223,-0.007396214,0.011550633,-0.0015625211,-0.009232327,0.017789733,0.00051260367,0.0025882758
83,0.021706805,-0.0068596825,0.009215761,0.006217436,0.016085444,0.0025101048,0.015342504,0.009087076,0.017111227,-0.008847687,0.011256181,-0.0035229223,-0.007396214,0.011550633,-0.0015625211,-0.009232327,0.017789733,0.00051260367,0.0025882758
84,0.019614624,-0.00010459553,0.0016768114,0.019541511,0.01022835,-0.016600171,0.010789195,0.00028999452,0.012025858,-0.002214848,0.0074889045,-0.0058180923,0.0021473013,0.003281207,-0.0069780922,0.009115527,0.019790154,0.0013518227,-0.005313086
85,0.019614624,-0.00010459553,0.0016768114,0.019541511,0.01022835,-0.016600171,0.010789195,0.00028999452,0.012025858,-0.002214848,0.0074889045,-0.0058180923,0.0021473013,0.003281207,-0.0069780922,0.009115527,0.019790154,0.0013518227,-0.005313086
86,0.019614624,-0.00010459553,0.0016768114,0.019541511,0.01022835,-0.016600171,0.010789195,0.00028999452,0.012025858,-0.002214848,0.0074889045,-0.0058180923,0.0021473013,0.003281207,-0.0069780922,0.009115527,0.019790154,0.0013518227,-0.005313086
87,0.019614624,-0.00010459553,0.0016768114,0.019541511,0.01022835,-0.016600171,0.010789195,0.00028999452,0.012025858,-0.002214848,0.0074889045,-0.0058180923,0.0021473013,0.003281207,-0.0069780922,0.009115527,0.019790154,0.0013518227,-0.005313086
88,0.019614624,-0.00010459553,0.0016768114,0.019541511,0.01022835,-0.016600171,0.010789195,0.00028999452,0.012025858,-0.002214848,0.0074889045,-0.0058180923,0.0021473013,0.003281207,-0.0069780922,0.009115527,0.019790154,0.0013518227,-0.005313086
89,0.019614624,-0.00010459553,0.0016768114,0.019541511,0.01022835,-0.016600171,0.010789195,0.00028999452,0.012025858,-0.002214848,0.0074889045,-0.0058180923,0.0021473013,0.003281207,-0.0069780922,0.009115527,0.019790154,0.0013518227,-0.005313086
90,0.0023558529,-0.0063954913,0.008873413,0.0046847938,0.008000632,-0.0022634112,-0.0028336935,0.0034594575,-0.0063729566,0.0018726168,-0.01105644,-0.007596322,0.00523508,-0.002901318,0.004040578,-0.007046681,0.010393668,0.012726393,-0.012041917
91,0.0023558529,-0.0063954913,0.008873413,0.0046847938,0.008000632,-0.0022634112,-0.0028336935,0.0034594575,-0.0063729566,0.0018726168,-0.01105644,-0.007596322,0.00523508,-0.002901318,0.004040578,-0.007046681,0.010393668,0.012726393,-0.012041917
92,0.0023558529,-0.0063954913,0.008873413,0.0046847938,0.008000632,-0.0022634112,-0.0028336935,0.0034594575,-0.0063729566,0.0018726168,-0.01105644,-0.007596322,0.00523508,-0.002901318,0.004040578,-0.007046681,0.010393668,0.012726393,-0.012041917
93,0.0023558529,-0.0063954913,0.008873413,0.0046847938,0.008000632,-0.0022634112,-0.0028336935,0.0034594575,-0.0063729566,0.0018726168,-0.01105644,-0.007596322,0.00523508,-0.002901318,0.004040578,-0.007046681,0.010393668,0.012726393,-0.012041917
94,0.0023558529,-0.0063954913,0.008873413,0.0046847938,0.008000632,-0.0022634112,-0.0028336935,0.0034594575,-0.0063729566,0.0018726168,-0.01105644,-0.007596322,0.00523508,-0.002901318,0.004040578,-0.007046681,0.010393668,0.012726393,-0.012041917
95,0.0023558529,-0.0063954913,0.008873413,0.0046847938,0.008000632,-0.0022634112,-0.0028336935,0.0034594575,-0.0063729566,0.0018726168,-0.01105644,-0.007596322,0.00523508,-0.002901318,0.004040578,-0.007046681,0.010393668,0.012726393,-0.012041917
96,0.014233231,-0.00989725,0.0015295075,0.009099287,0.0103573445,0.0019366444,0.0014670365,-0.002369878,-0.008822992,0.00541075,-0.00809937,-0.0053822864,0.007003599,0.0065456973,-0.0068748416,-0.006669397,0.011066288,0.0059006,0.001238056
97,0.014233231,-0.00989725,0.0015295075,0.009099287,0.0103573445,0.0019366444,0.0014670365,-0.002369878,-0.008822992,0.00541075,-0.00809937,-0.0053822864,0.007003599,0.0065456973,-0.0068748416,-0.006669397,0.011066288,0.0059006,0.001238056
98,0.014233231,-0.00989725,0.0015295075,0.009099287,0.0103573445,0.0019366444,0.0014670365,-0.002369878,-0.008822992,0.00541075,-0.00809937,-0.0053822864,0.007003599,0.0065456973,-0.0068748416,-0.006669397,0.011066288,0.0059006,0.001238056
99,0.014233231,-0.00989725,0.0015295075,0.009099287,0.0103573445,0.0019366444,0.0014670365,-0.002369878,-0.008822992,0.00541075,-0.00809937,-0.0053822864,0.007003599,0.0065456973,-0.0068748416,-0.006669397,0.011066288,0.0059006,0.001238056
100,0.014233231,-0.00989725,0.0015295075,0.009099287,0.0103573445,0.0019366444,0.0014670365,-0.002369878,-0.008822992,0.00541075,-0.00809937,-0.0053822864,0.007003599,0.0065456973,-0.0068748416,-0.006669397,0.011066288,0.0059006,0.001238056
101,0.014233231,-0.00989725,0.0015295075,0.009099287,0.0103573445,0.0019366444,0.0014670365,-0.002369878,-0.008822992,0.00541075,-0.00809937,-0.0053822864,0.007003599,0.0065456973,-0.0068748416,-0.006669397,0.011066288,0.0059006,0.001238056
102,0.01633284,-0.006229943,0.0025206725,0.011693346,0.016397707,-0.010578403,-0.0007068665,0.0011939764,0.0033599695,-6.5853776e-05,-0.0062727123,-0.0044664918,0.00861218,0.009781634,-0.0064996183,4.5649347e-05,0.01443424,-0.00096489117,-0.015163312
103,0.01633284,-0.006229943,0.0025206725,0.011693346,0.016397707,-0.010578403,-0.0007068665,0.0011939764,0.0033599695,-6.5853776e-05,-0.0062727123,-0.0044664918,0.00861218,0.009781634,-0.0064996183,4.5649347e-05,0.01443424,-0.00096489117,-0.015163312
104,0.01633284,-0.006229943,0.0025206725,0.011693346,0.016397707,-0.010578403,-0.0007068665,0.0011939764,0.0033599695,-6.5853776e-05,-0.0062727123,-0.0044664918,0.00861218,0.009781634,-0.0064996183,4.5649347e-05,0.01443424,-0.00096489117,-0.015163312
105,0.01633284,-0.006229943,0.0025206725,0.011693346,0.016397707,-0.010578403,-0.0007068665,0.0011939764,0.0033599695,-6.5853776e-05,-0.0062727123,-0.0044664918,0.00861218,0.009781634,-0.0064996183,4.5649347e-05,0.01443424,-0.00096489117,-0.015163312
106,0.01633284,-0.006229943,0.0025206725,0.011693346,0.016397707,-0.010578403,-0.0007068665,0.0011939764,0.0033599695,-6.5853776e-05,-0.0062727123,-0.0044664918,0.00861218,0.009781634,-0.0064996183,4.5649347e-05,0.01443424,-0.00096489117,-0.015163312
107,0.01633284,-0.006229943,0.0025206725,0.011693346,0.016397707,-0.010578403,-0.0007068665,0.0011939764,0.0033599695,-6.5853776e-05,-0.0062727123,-0.0044664918,0.00861218,0.009781634,-0.0064996183,4.5649347e-05,0.01443424,-0.00096489117,-0.015163312
108,0.0047140825,-0.009511477,0.008834215,-0.0025634556,-0.0018088804,-0.005910143,0.010628709,-0.003586161,-0.004135525,0.0026389663,-0.015315444,0.009588783,0.009068115,-0.005287487,-0.007749184,-0.0026573795,0.009671189,0.019536434,-0.0085847685
109,0.0047140825,-0.009511477,0.008834215,-0.0025634556,-0.0018088804,-0.005910143,0.010628709,-0.003586161,-0.004135525,0.0026389663,-0.015315444,0.009588783,0.009068115,-0.005287487,-0.007749184,-0.0026573795,0.009671189,0.019536434,-0.0085847685
110,0.0047140825,-0.009511477,0.008834215,-0.0025634556,-0.0018088804,-0.005910143,0.010628709,-0.003586161,-0.004135525,0.0026389663,-0.015315444,0.009588783,0.009068115,-0.005287487,-0.007749184,-0.0026573795,0.009671189,0.019536434,-0.0085847685
111,0.0047140825,-0.009511477,0.008834215,-0.0025634556,-0.0018088804,-0.005910143,0.010628709,-0.003586161,-0.004135525,0.0026389663,-0.015315444,0.009588783,0.009068115,-0.005287487,-0.007749184,-0.0026573795,0.009671189,0.019536434,-0.0085847685
112,0.0047140825,-0.009511477,0.008834215,-0.0025634556,-0.0018088804,-0.005910143,0.010628709,-0.003586161,-0.004135525,0.0026389663,-0.015315444,0.009588783,0.009068115,-0.005287487,-0.007749184,-0.0026573795,0.009671189,0.019536434,-0.0085847685
113,0.0047140825,-0.009511477,0.008834215,-0.0025634556,-0.0018088804,-0.005910143,0.010628709,-0.003586161,-0.004135525,0.0026389663,-0.015315444,0.009588783,0.009068115,-0.005287487,-0.007749184,-0.0026573795,0.009671189,0.019536434,-0.0085847685
114,-0.0022203154,-0.0074503897,0.01201776,0.0063549546,0.0015928409,-0.0030442446,0.00052959804,-0.018035682,-0.008547582,0.0044557536,-0.017776763,-0.004165641,0.0064933747,-0.01723451,-0.0051340484,-0.0070389635,0.010408961,0.012040967,-0.007882344
115,-0.0022203154,-0.0074503897,0.01201776,0.0063549546,0.0015928409,-0.0030442446,0.00052959804,-0.018035682,-0.008547582,0.0044557536,-0.017776763,-0.004165641,0.0064933747,-0.01723451,-0.0051340484,-0.0070389635,0.010408961,0.012040967,-0.007882344
116,-0.0022203154,-0.0074503897,0.01201776,0.0063549546,0.0015928409,-0.0030442446,0.00052959804,-0.018035682,-0.008547582,0.0044557536,-0.017776763,-0.004165641,0.0064933747,-0.01723451,-0.0051340484,-0.0070389635,0.010408961,0.012040967,-0.007882344
117,-0.0022203154,-0.0074503897,0.01201776,0.0063549546,0.0015928409,-0.0030442446,0.00052959804,-0.018035682,-0.008547582,0.0044557536,-0.017776763,-0.004165641,0.0064933747,-0.01723451,-0.0051340484,-0.0070389635,0.010408961,0.012040967,-0.007882344
118,-0.0022203154,-0.0074503897,0.01201776,0.0063549546,0.0015928409,-0.0030442446,0.00052959804,-0.018035682,-0.008547582,0.0044557536,-0.017776763,-0.004165641,0.0064933747,-0.01723451,-0.0051340484,-0.0070389635,0.010408961,0.012040967,-0.007882344
119,-0.0022203154,-0.0074503897,0.01201776,0.0063549546,0.0015928409,-0.0030442446,0.00052959804,-0.018035682,-0.008547582,0.0044557536,-0.017776763,-0.004165641,0.0064933747,-0.01723451,-0.0051340484,-0.0070389635,0.010408961,0.012040967,-0.007882344
120,-0.003268576,-0.005279805,0.006392621,-0.010179679,0.002805579,0.0041507073,-0.0043623876,-0.015866732,-0.015202316,0.0050783767,-0.014457144,-0.0036088256,0.003543285,-0.009440381,-0.010136752,-0.012142429,0.0104154665,0.00811124,-0.009947257
121,-0.003268576,-0.005279805,0.006392621,-0.010179679,0.002805579,0.0041507073,-0.0043623876,-0.015866732,-0.015202316,0.0050783767,-0.014457144,-0.0036088256,0.003543285,-0.009440381,-0.010136752,-0.012142429,0.0104154665,0.00811124,-0.009947257
122,-0.003268576,-0.005279805,0.006392621,-0.010179679,0.002805579,0.0041507073,-0.0043623876,-0.015866732,-0.015202316,0.0050783767,-0.014457144,-0.0036088256,0.003543285,-0.009440381,-0.010136752,-0.012142429,0.0104154665,0.00811124,-0.009947257
123,-0.003268576,-0.005279805,0.006392621,-0.010179679,0.002805579,0.0041507073,-0.0043623876,-0.015866732,-0.015202316,0.0050783767,-0.014457144,-0.0036088256,0.003543285,-0.009440381,-0.010136752,-0.012142429,0.0104154665,0.00811124,-0.009947257
124,-0.003268576,-0.005279805,0.006392621,-0.010179679,0.002805579,0.0041507073,-0.0043623876,-0.015866732,-0.015202316,0.0050783767,-0.014457144,-0.0036088256,0.003543285,-0.009440381,-0.010136752,-0.012142429,0.0104154665,0.00811124,-0.009947257
125,-0.003268576,-0.005279805,0.006392621,-0.010179679,0.002805579,0.0041507073,-0.0043623876,-0.015866732,-0.015202316,0.0050783767,-0.014457144,-0.0036088256,0.003543285,-0.009440381,-0.010136752,-0.012142429,0.0104154665,0.00811124,-0.009947257
126,0.018247174,-0.0078776805,0.0019814044,0.010099231,0.0037996273,0.0015973278,0.010871876,-0.004276801,0.004726694,0.0052178423,-0.0055872183,-0.0026100422,0.011144529,-0.00859382,0.0019965572,-0.006418384,0.010675577,0.01674857,-0.013904942
127,0.018247174,-0.0078776805,0.0019814044,0.010099231,0.0037996273,0.0015973278,0.010871876,-0.004276801,0.004726694,0.0052178423,-0.0055872183,-0.0026100422,0.011144529,-0.00859382,0.0019965572,-0.006418384,0.010675577,0.01674857,-0.013904942
128,0.018247174,-0.0078776805,0.0019814044,0.010099231,0.0037996273,0.0015973278,0.010871876,-0.004276801,0.004726694,0.0052178423,-0.0055872183,-0.0026100422,0.011144529,-0.00859382,0.0019965572,-0.006418384,0.010675577,0.01674857,-0.013904942
129,0.018247174,-0.0078776805,0.0019814044,0.010099231,0.0037996273,0.0015973278,0.010871876,-0.004276801,0.004726694,0.0052178423,-0.0055872183,-0.0026100422,0.011144529,-0.00859382,0.0019965572,-0.006418384,0.010675577,0.01674857,-0.013904942
130,0.018247174,-0.0078776805,0.0019814044,0.010099231,0.0037996273,0.0015973278,0.010871876,-0.004276801,0.004726694,0.0052178423,-0.0055872183,-0.0026100422,0.011144529,-0.00859382,0.0019965572,-0.006418384,0.010675577,0.01674857,-0.013904942
131,0.018247174,-0.0078776805,0.0019814044,0.010099231,0.0037996273,0.0015973278,0.010871876,-0.004276801,0.004726694,0.0052178423,-0.0055872183,-0.0026100422,0.011144529,-0.00859382,0.0019965572,-0.006418384,0.010675577,0.01674857,-0.013904942
132,0.018473575,-0.0053453967,0.0039892113,0.009724721,0.016210223,0.0010048504,0.0073525975,0.016475921,0.0066209645,-0.011343639,0.00040054953,-0.0066456487,-0.001279633,0.021595,-0.0021818893,-0.005017587,0.014441226,-0.0106108235,0.0043987418
133,0.018473575,-0.0053453967,0.0039892113,0.009724721,0.016210223,0.0010048504,0.0073525975,0.016475921,0.0066209645,-0.011343639,0.00040054953,-0.0066456487,-0.001279633,0.021595,-0.0021818893,-0.005017587,0.014441226,-0.0106108235,0.0043987418
134,0.018473575,-0.0053453967,0.0039892113,0.009724721,0.016210223,0.0010048504,0.0073525975,0.016475921,0.0066209645,-0.011343639,0.00040054953,-0.0066456487,-0.001279633,0.021595,-0.0021818893,-0.005017587,0.014441226,-0.0106108235,0.0043987418
135,0.018473575,-0.0053453967,0.0039892113,0.009724721,0.016210223,0.0010048504,0.0073525975,0.016475921,0.0066209645,-0.011343639,0.00040054953,-0.0066456487,-0.001279633,0.021595,-0.0021818893,-0.005017587,0.014441226,-0.0106108235,0.0043987418
136,0.018473575,-0.0053453967,0.0039892113,0.009724721,0.016210223,0.0010048504,0.0073525975,0.016475921,0.0066209645,-0.011343639,0.00040054953,-0.0066456487,-0.001279633,0.021595,-0.0021818893,-0.005017587,0.014441226,-0.0106108235,0.0043987418
137,0.018473575,-0.0053453967,0.0039892113,0.009724721,0.016210223,0.0010048504,0.0073525975,0.016475921,0.0066209645,-0.011343639,0.00040054953,-0.0066456487,-0.001279633,0.021595,-0.0021818893,-0.005017587,0.014441226,-0.0106108235,0.0043987418
138,-0.006269619,-0.0068903374,0.006336164,-0.0042466014,0.0027066038,0.0028399955,0.00792075,0.002387895,0.007997848,0.0065948158,-0.01736906,0.0040317825,0.0044721537,-0.00015015306,-0.0016609291,-0.011270738,0.016341116,0.012707154,-0.013630477
139,-0.006269619,-0.0068903374,0.006336164,-0.0042466014,0.0027066038,0.0028399955,0.00792075,0.002387895,0.007997848,0.0065948158,-0.01736906,0.0040317825,0.0044721537,-0.00015015306,-0.0016609291,-0.011270738,0.016341116,0.012707154,-0.013630477
140,-0.006269619,-0.0068903374,0.006336164,-0.0042466014,0.0027066038,0.0028399955,0.00792075,0.002387895,0.007997848,0.0065948158,-0.01736906,0.0040317825,0.0044721537,-0.00015015306,-0.0016609291,-0.011270738,0.016341116,0.012707154,-0.013630477
141,-0.006269619,-0.0068903374,0.006336164,-0.0042466014,0.0027066038,0.0028399955,0.00792075,0.002387895,0.007997848,0.0065948158,-0.01736906,0.0040317825,0.0044721537,-0.00015015306,-0.0016609291,-0.011270738,0.016341116,0.012707154,-0.013630477
142,-0.006269619,-0.0068903374,0.006336164,-0.0042466014,0.0027066038,0.0028399955,0.00792075,0.002387895,0.007997848,0.0065948158,-0.01736906,0.0040317825,0.0044721537,-0.00015015306,-0.0016609291,-0.011270738,0.016341116,0.012707154,-0.013630477
143,-0.006269619,-0.0068903374,0.006336164,-0.0042466014,0.0027066038,0.0028399955,0.00792075,0.002387895,0.007997848,0.0065948158,-0.01736906,0.0040317825,0.0044721537,-0.00015015306,-0.0016609291,-0.011270738,0.016341116,0.012707154,-0.013630477
144,-0.0028440794,-0.0035861954,0.001387633,0.0034909612,0.0027249332,-0.015322469,0.004949439,-0.0057567554,0.001841628,0.0044638775,0.0005955828,-0.0036149004,-0.0039946316,-0.0055574016,-0.010827866,0.0019714853,0.0039540026,0.008221681,0.0065858774
145,-0.0028440794,-0.0035861954,0.001387633,0.0034909612,0.0027249332,-0.015322469,0.004949439,-0.0057567554,0.001841628,0.0044638775,0.0005955828,-0.0036149004,-0.0039946316,-0.0055574016,-0.010827866,0.0019714853,0.0039540026,0.008221681,0.0065858774
146,-0.0028440794,-0.0035861954,0.001387633,0.0034909612,0.0027249332,-0.015322469,0.004949439,-0.0057567554,0.001841628,0.0044638775,0.0005955828,-0.0036149004,-0.0039946316,-0.0055574016,-0.010827866,0.0019714853,0.0039540026,0.008221681,0.0065858774
147,-0.0028440794,-0.0035861954,0.001387633,0.0034909612,0.0027249332,-0.015322469,0.004949439,-0.0057567554,0.001841628,0.0044638775,0.0005955828,-0.0036149004,-0.0039946316,-0.0055574016,-0.010827866,0.0019714853,0.0039540026,0.008221681,0.0065858774
148,-0.0028440794,-0.0035861954,0.001387633,0.0034909612,0.0027249332,-0.015322469,0.004949439,-0.0057567554,0.001841628,0.0044638775,0.0005955828,-0.0036149004,-0.0039946316,-0.0055574016,-0.010827866,0.0019714853,0.0039540026,0.008221681,0.0065858774
149,-0.0028440794,-0.0035861954,0.001387633,0.0034909612,0.0027249332,-0.015322469,0.004949439,-0.0057567554,0.001841628,0.0044638775,0.0005955828,-0.0036149004,-0.0039946316,-0.0055574016,-0.010827866,0.0019714853,0.0039540026,0.008221681,0.0065858774
150,0.002749643,-0.0009453072,0.00316274,0.005161599,0.008378223,0.009010794,0.007465445,0.0035090526,0.0010085137,-0.010704929,-0.0024688772,-0.009045392,0.0024030146,0.0035859966,-0.002676302,-0.0070082457,0.016428113,0.002868942,-0.013506204
151,0.002749643,-0.0009453072,0.00316274,0.005161599,0.008378223,0.009010794,0.007465445,0.0035090526,0.0010085137,-0.010704929,-0.0024688772,-0.009045392,0.0024030146,0.0035859966,-0.002676302,-0.0070082457,0.016428113,0.002868942,-0.013506204
152,0.002749643,-0.0009453072,0.00316274,0.005161599,0.008378223,0.009010794,0.007465445,0.0035090526,0.0010085137,-0.010704929,-0.0024688772,-0.009045392,0.0024030146,0.0035859966,-0.002676302,-0.0070082457,0.016428113,0.002868942,-0.013506204
153,0.002749643,-0.0009453072,0.00316274,0.005161599,0.008378223,0.009010794,0.007465445,0.0035090526,0.0010085137,-0.010704929,-0.0024688772,-0.009045392,0.0024030146,0.0035859966,-0.002676302,-0.0070082457,0.016428113,0.002868942,-0.013506204
154,0.002749643,-0.0009453072,0.00316274,0.005161599,0.008378223,0.009010794,0.007465445,0.0035090526,0.0010085137,-0.010704929,-0.0024688772,-0.009045392,0.0024030146,0.0035859966,-0.002676302,-0.0070082457,0.016428113,0.002868942,-0.013506204
155,0.002749643,-0.0009453072,0.00316274,0.005161599,0.008378223,0.009010794,0.007465445,0.0035090526,0.0010085137,-0.010704929,-0.0024688772,-0.009045392,0.0024030146,0.0035859966,-0.002676302,-0.0070082457,0.016428113,0.002868942,-0.013506204
156,0.01615993,-0.019511808,0.0067638243,0.018876111,0.01955367,0.0016235345,0.0100421235,0.005574315,-0.0050114966,0.00031491,-0.013823571,0.00012877537,0.0011379966,0.011516881,-0.0028036302,-0.000312335,0.0034879416,0.009776677,-0.017907755
157,0.01615993,-0.019511808,0.0067638243,0.018876111,0.01955367,0.0016235345,0.0100421235,0.005574315,-0.0050114966,0.00031491,-0.013823571,0.00012877537,0.0011379966,0.011516881,-0.0028036302,-0.000312335,0.0034879416,0.009776677,-0.017907755
158,0.01615993,-0.019511808,0.0067638243,0.018876111,0.01955367,0.0016235345,0.0100421235,0.005574315,-0.0050114966,0.00031491,-0.013823571,0.00012877537,0.0011379966,0.011516881,-0.0028036302,-0.000312335,0.0034879416,0.009776677,-0.017907755
159,0.01615993,-0.019511808,0.0067638243,0.018876111,0.01955367,0.0016235345,0.0100421235,0.005574315,-0.0050114966,0.00031491,-0.013823571,0.00012877537,0.0011379966,0.011516881,-0.0028036302,-0.000312335,0.0034879416,0.009776677,-0.017907755
160,0.01615993,-0.019511808,0.0067638243,0.018876111,0.01955367,0.0016235345,0.0100421235,0.005574315,-0.0050114966,0.00031491,-0.013823571,0.00012877537,0.0011379966,0.011516881,-0.0028036302,-0.000312335,0.0034879416,0.009776677,-0.017907755
161,0.01615993,-0.019511808,0.0067638243,0.018876111,0.01955367,0.0016235345,0.0100421235,0.005574315,-0.0050114966,0.00031491,-0.013823571,0.00012877537,0.0011379966,0.011516881,-0.0028036302,-0.000312335,0.0034879416,0.009776677,-0.017907755
162,0.013629288,-0.008962845,0.014829962,0.005719586,0.00482257,-0.005184887,0.0138480505,0.014566764,0.0048883045,-0.009174516,0.009428381,-0.012177591,-0.0037643937,0.008170428,-0.007177937,-0.0102652535,0.008134176,0.01018891,-0.004194503
163,0.013629288,-0.008962845,0.014829962,0.005719586,0.00482257,-0.005184887,0.0138480505,0.014566764,0.0048883045,-0.009174516,0.009428381,-0.012177591,-0.0037643937,0.008170428,-0.007177937,-0.0102652535,0.008134176,0.01018891,-0.004194503
164,0.013629288,-0.008962845,0.014829962,0.005719586,0.00482257,-0.005184887,0.0138480505,0.014566764,0.0048883045,-0.009174516,0.009428381,-0.012177591,-0.0037643937,0.008170428,-0.007177937,-0.0102652535,0.008134176,0.01018891,-0.004194503
165,0.013629288,-0.008962845,0.014829962,0.005719586,0.00482257,-0.005184887,0.0138480505,0.014566764,0.0048883045,-0.009174516,0.009428381,-0.012177591,-0.0037643937,0.008170428,-0.007177937,-0.0102652535,0.008134176,0.01018891,-0.004194503
166,0.013629288,-0.008962845,0.014829962,0.005719586,0.00482257,-0.005184887,0.0138480505,0.014566764,0.0048883045,-0.009174516,0.009428381,-0.012177591,-0.0037643937,0.008170428,-0.007177937,-0.0102652535,0.008134176,0.01018891,-0.004194503
167,0.013629288,-0.008962845,0.014829962,0.005719586,0.00482257,-0.005184887,0.0138480505,0.014566764,0.0048883045,-0.009174516,0.009428381,-0.012177591,-0.0037643937,0.008170428,-0.007177937,-0.0102652535,0.008134176,0.01018891,-0.004194503
168,0.00030552986,-0.010714221,0.008069737,0.0017430709,0.012763941,-0.0052319407,-0.0065386253,-0.0039561735,-0.0056797676,-0.002293317,-0.019267865,-0.0019957519,0.005024467,-0.007925258,0.0029361832,-0.00078480487,0.010367444,0.007978898,-0.018818729
169,0.00030552986,-0.010714221,0.008069737,0.0017430709,0.012763941,-0.0052319407,-0.0065386253,-0.0039561735,-0.0056797676,-0.002293317,-0.019267865,-0.0019957519,0.005024467,-0.007925258,0.0029361832,-0.00078480487,0.010367444,0.007978898,-0.018818729
170,0.00030552986,-0.010714221,0.008069737,0.0017430709,0.012763941,-0.0052319407,-0.0065386253,-0.0039561735,-0.0056797676,-0.002293317,-0.019267865,-0.0019957519,0.005024467,-0.007925258,0.0029361832,-0.00078480487,0.010367444,0.007978898,-0.018818729
171,0.00030552986,-0.010714221,0.008069737,0.0017430709,0.012763941,-0.0052319407,-0.0065386253,-0.0039561735,-0.0056797676,-0.002293317,-0.019267865,-0.0019957519,0.005024467,-0.007925258,0.0029361832,-0.00078480487,0.010367444,0.007978898,-0.018818729
172,0.00030552986,-0.010714221,0.008069737,0.0017430709,0.012763941,-0.0052319407,-0.0065386253,-0.0039561735,-0.0056797676,-0.002293317,-0.019267865,-0.0019957519,0.005024467,-0.007925258,0.0029361832,-0.00078480487,0.010367444,0.007978898,-0.018818729
173,0.00030552986,-0.010714221,0.008069737,0.0017430709,0.012763941,-0.0052319407,-0.0065386253,-0.0039561735,-0.0056797676,-0.002293317,-0.019267865,-0.0019957519,0.005024467,-0.007925258,0.0029361832,-0.00078480487,0.010367444,0.007978898,-0.018818729
174,0.012719871,-0.014100081,0.012992674,0.0011022236,0.003988933,-0.0024037943,-6.463815e-05,-0.0029750797,-0.0038849218,0.0023982974,0.005738407,-0.008114847,0.004341938,0.003993563,-0.0030418776,-0.006540447,0.00928842,0.011044451,-0.010727994
175,0.012719871,-0.014100081,0.012992674,0.0011022236,0.003988933,-0.0024037943,-6.463815e-05,-0.0029750797,-0.0038849218,0.0023982974,0.005738407,-0.008114847,0.004341938,0.003993563,-0.0030418776,-0.006540447,0.00928842,0.011044451,-0.010727994
176,0.012719871,-0.014100081,0.012992674,0.0011022236,0.003988933,-0.0024037943,-6.463815e-05,-0.0029750797,-0.0038849218,0.0023982974,0.005738407,-0.008114847,0.004341938,0.003993563,-0.0030418776,-0.006540447,0.00928842,0.011044451,-0.010727994
177,0.012719871,-0.014100081,0.012992674,0.0011022236,0.003988933,-0.0024037943,-6.463815e-05,-0.0029750797,-0.0038849218,0.0023982974,0.005738407,-0.008114847,0.004341938,0.003993563,-0.0030418776,-0.006540447,0.00928842,0.011044451,-0.010727994
178,0.012719871,-0.014100081,0.012992674,0.0011022236,0.003988933,-0.0024037943,-6.463815e-05,-0.0029750797,-0.0038849218,0.0023982974,0.005738407,-0.008114847,0.004341938,0.003993563,-0.0030418776,-0.006540447,0.00928842,0.011044451,-0.010727994
179,0.012719871,-0.014100081,0.012992674,0.0011022236,0.003988933,-0.0024037943,-6.463815e-05,-0.0029750797,-0.0038849218,0.0023982974,0.005738407,-0.008114847,0.004341938,0.003993563,-0.0030418776,-0.006540447,0.00928842,0.011044451,-0.010727994
180,0.007873821,-0.016664114,-0.0021064735,0.0052216216,0.006669852,0.005545745,0.0067082355,-0.008459811,-0.010863192,-0.00027661698,-0.02005817,0.0002014982,0.0061384244,-0.00325461,-0.0012652801,-0.009746981,0.0026466285,0.00917841,-0.009003824
181,0.007873821,-0.016664114,-0.0021064735,0.0052216216,0.006669852,0.005545745,0.0067082355,-0.008459811,-0.010863192,-0.00027661698,-0.02005817,0.0002014982,0.0061384244,-0.00325461,-0.0012652801,-0.009746981,0.0026466285,0.00917841,-0.009003824
182,0.007873821,-0.016664114,-0.0021064735,0.0052216216,0.006669852,0.005545745,0.0067082355,-0.008459811,-0.010863192,-0.00027661698,-0.02005817,0.0002014982,0.0061384244,-0.00325461,-0.0012652801,-0.009746981,0.0026466285,0.00917841,-0.009003824
183,0.007873821,-0.016664114,-0.0021064735,0.0052216216,0.006669852,0.005545745,0.0067082355,-0.008459811,-0.010863192,-0.00027661698,-0.02005817,0.0002014982,0.0061384244,-0.00325461,-0.0012652801,-0.009746981,0.0026466285,0.00917841,-0.009003824
184,0.007873821,-0.016664114,-0.0021064735,0.0052216216,0.006669852,0.005545745,0.0067082355,-0.008459811,-0.010863192,-0.00027661698,-0.02005817,0.0002014982,0.0061384244,-0.00325461,-0.0012652801,-0.009746981,0.0026466285,0.00917841,-0.009003824
185,0.007873821,-0.016664114,-0.0021064735,0.0052216216,0.006669852,0.005545745,0.0067082355,-0.008459811,-0.010863192,-0.00027661698,-0.02005817,0.0002014982,0.0061384244,-0.00325461,-0.0012652801,-0.009746981,0.0026466285,0.00917841,-0.009003824
186,0.0072165234,-0.0041074934,0.0026930152,0.002693528,-0.01221637,-0.0016471773,0.009334984,-0.0006007038,0.017558713,0.011250942,-0.0053082923,-0.009659885,0.005966532,-0.006650094,-5.5458353e-05,-0.017436385,0.020659804,0.0093086315,0.00610182
187,0.0072165234,-0.0041074934,0.0026930152,0.002693528,-0.01221637,-0.0016471773,0.009334984,-0.0006007038,0.017558713,0.011250942,-0.0053082923,-0.009659885,0.005966532,-0.006650094,-5.5458353e-05,-0.017436385,0.020659804,0.0093086315,0.00610182
188,0.0072165234,-0.0041074934,0.0026930152,0.002693528,-0.01221637,-0.0016471773,0.009334984,-0.0006007038,0.017558713,0.011250942,-0.0053082923,-0.009659885,0.005966532,-0.006650094,-5.5458353e-05,-0.017436385,0.020659804,0.0093086315,0.00610182
189,0.007216525,-0.004107495,0.002693015,0.0026935271,-0.012216367,-0.0016471763,0.009334984,-0.0006006996,0.017558716,0.011250945,-0.0053082933,-0.009659886,0.005966532,-0.006650094,-5.5457014e-05,-0.01743639,0.020659804,0.00930863,0.006101821
190,0.007216525,-0.004107495,0.002693015,0.0026935271,-0.012216367,-0.0016471763,0.009334984,-0.0006006996,0.017558716,0.011250945,-0.0053082933,-0.009659886,0.005966532,-0.006650094,-5.5457014e-05,-0.01743639,0.020659804,0.00930863,0.006101821
191,0.007216525,-0.004107495,0.002693015,0.0026935271,-0.012216367,-0.0016471763,0.009334984,-0.0006006996,0.017558716,0.011250945,-0.0053082933,-0.009659886,0.005966532,-0.006650094,-5.5457014e-05,-0.01743639,0.020659804,0.00930863,0.006101821
192,0.007634921,-0.0126752015,0.0029980897,0.0072150645,-0.001635149,0.0005436707,-0.0037609902,0.0021136752,-0.008902212,0.007023972,-0.01736227,-0.0037229452,-0.0028759153,0.007368888,-0.012929294,-0.005816354,0.011988353,0.011348577,-0.01643153
193,0.007634921,-0.0126752015,0.0029980897,0.0072150645,-0.001635149,0.0005436707,-0.0037609902,0.0021136752,-0.008902212,0.007023972,-0.01736227,-0.0037229452,-0.0028759153,0.007368888,-0.012929294,-0.005816354,0.011988353,0.011348577,-0.01643153
194,0.007634921,-0.0126752015,0.0029980897,0.0072150645,-0.001635149,0.0005436707,-0.0037609902,0.0021136752,-0.008902212,0.007023972,-0.01736227,-0.0037229452,-0.0028759153,0.007368888,-0.012929294,-0.005816354,0.011988353,0.011348577,-0.01643153
195,0.007634921,-0.0126752015,0.0029980897,0.0072150645,-0.001635149,0.0005436707,-0.0037609902,0.0021136752,-0.008902212,0.007023972,-0.01736227,-0.0037229452,-0.0028759153,0.007368888,-0.012929294,-0.005816354,0.011988353,0.011348577,-0.01643153
196,0.007634921,-0.0126752015,0.0029980897,0.0072150645,-0.001635149,0.0005436707,-0.0037609902,0.0021136752,-0.008902212,0.007023972,-0.01736227,-0.0037229452,-0.0028759153,0.007368888,-0.012929294,-0.005816354,0.011988353,0.011348577,-0.01643153
197,0.007634921,-0.0126752015,0.0029980897,0.0072150645,-0.001635149,0.0005436707,-0.0037609902,0.0021136752,-0.008902212,0.007023972,-0.01736227,-0.0037229452,-0.0028759153,0.007368888,-0.012929294,-0.005816354,0.011988353,0.011348577,-0.01643153
198,0.014066351,-0.007350065,-0.0036551894,0.012644616,0.008261424,-0.0055360044,0.00027104534,0.005826871,-0.0013002594,-0.0019024187,0.01246475,-0.007527597,0.0048215576,0.0005181801,-0.00459077,-0.004583582,0.009105073,-0.0030541364,0.005381247
199,0.014066351,-0.007350065,-0.0036551894,0.012644616,0.008261424,-0.0055360044,0.00027104534,0.005826871,-0.0013002594,-0.0019024187,0.01246475,-0.007527597,0.0048215576,0.0005181801,-0.00459077,-0.004583582,0.009105073,-0.0030541364,0.005381247
200,0.014066351,-0.007350065,-0.0036551894,0.012644616,0.008261424,-0.0055360044,0.00027104534,0.005826871,-0.0013002594,-0.0019024187,0.01246475,-0.007527597,0.0048215576,0.0005181801,-0.00459077,-0.004583582,0.009105073,-0.0030541364,0.005381247
201,0.014066351,-0.007350065,-0.0036551894,0.012644616,0.008261424,-0.0055360044,0.00027104534,0.005826871,-0.0013002594,-0.0019024187,0.01246475,-0.007527597,0.0048215576,0.0005181801,-0.00459077,-0.004583582,0.009105073,-0.0030541364,0.005381247
202,0.014066351,-0.007350065,-0.0036551894,0.012644616,0.008261424,-0.0055360044,0.00027104534,0.005826871,-0.0013002594,-0.0019024187,0.01246475,-0.007527597,0.0048215576,0.0005181801,-0.00459077,-0.004583582,0.009105073,-0.0030541364,0.005381247
203,0.014066351,-0.007350065,-0.0036551894,0.012644616,0.008261424,-0.0055360044,0.00027104534,0.005826871,-0.0013002594,-0.0019024187,0.01246475,-0.007527597,0.0048215576,0.0005181801,-0.00459077,-0.004583582,0.009105073,-0.0030541364,0.005381247
204,0.010320877,-0.0051603406,0.0070356033,0.012727893,-0.004004051,0.0032672961,0.0043484913,-0.010515838,0.0007304807,0.011785563,-0.012008595,-0.009119608,0.008981224,-0.0016169968,-0.007429626,-0.0072350143,0.018081509,0.013659062,-0.013252855
205,0.010320877,-0.0051603406,0.0070356033,0.012727893,-0.004004051,0.0032672961,0.0043484913,-0.010515838,0.0007304807,0.011785563,-0.012008595,-0.009119608,0.008981224,-0.0016169968,-0.007429626,-0.0072350143,0.018081509,0.013659062,-0.013252855
206,0.010320877,-0.0051603406,0.0070356033,0.012727893,-0.004004051,0.0032672961,0.0043484913,-0.010515838,0.0007304807,0.011785563,-0.012008595,-0.009119608,0.008981224,-0.0016169968,-0.007429626,-0.0072350143,0.018081509,0.013659062,-0.013252855
207,0.010320877,-0.0051603406,0.0070356033,0.012727893,-0.004004051,0.0032672961,0.0043484913,-0.010515838,0.0007304807,0.011785563,-0.012008595,-0.009119608,0.008981224,-0.0016169968,-0.007429626,-0.0072350143,0.018081509,0.013659062,-0.013252855
208,0.010320877,-0.0051603406,0.0070356033,0.012727893,-0.004004051,0.0032672961,0.0043484913,-0.010515838,0.0007304807,0.011785563,-0.012008595,-0.009119608,0.008981224,-0.0016169968,-0.007429626,-0.0072350143,0.018081509,0.013659062,-0.013252855
209,0.010320877,-0.0051603406,0.0070356033,0.012727893,-0.004004051,0.0032672961,0.0043484913,-0.010515838,0.0007304807,0.011785563,-0.012008595,-0.009119608,0.008981224,-0.0016169968,-0.007429626,-0.0072350143,0.018081509,0.013659062,-0.013252855
210,-0.000327844,-0.004141566,0.011772883,-0.0018404899,-0.00704151,-0.010995372,0.01355084,-0.006484842,-0.007488574,-0.0020007389,-0.008752119,-0.0041431244,0.006293535,-0.0047236504,-0.016822618,0.0003413294,0.0058517596,0.021337412,-0.004063611
211,-0.000327844,-0.004141566,0.011772883,-0.0018404899,-0.00704151,-0.010995372,0.01355084,-0.006484842,-0.007488574,-0.0020007389,-0.008752119,-0.0041431244,0.006293535,-0.0047236504,-0.016822618,0.0003413294,0.0058517596,0.021337412,-0.004063611
212,-0.000327844,-0.004141566,0.011772883,-0.0018404899,-0.00704151,-0.010995372,0.01355084,-0.006484842,-0.007488574,-0.0020007389,-0.008752119,-0.0041431244,0.006293535,-0.0047236504,-0.016822618,0.0003413294,0.0058517596,0.021337412,-0.004063611
213,-0.000327844,-0.004141566,0.011772883,-0.0018404899,-0.00704151,-0.010995372,0.01355084,-0.006484842,-0.007488574,-0.0020007389,-0.008752119,-0.0041431244,0.006293535,-0.0047236504,-0.016822618,0.0003413294,0.0058517596,0.021337412,-0.004063611
214,-0.000327844,-0.004141566,0.011772883,-0.0018404899,-0.00704151,-0.010995372,0.01355084,-0.006484842,-0.007488574,-0.0020007389,-0.008752119,-0.0041431244,0.006293535,-0.0047236504,-0.016822618,0.0003413294,0.0058517596,0.021337412,-0.004063611
215,-0.000327844,-0.004141566,0.011772883,-0.0018404899,-0.00704151,-0.010995372,0.01355084,-0.006484842,-0.007488574,-0.0020007389,-0.008752119,-0.0041431244,0.006293535,-0.0047236504,-0.016822618,0.0003413294,0.0058517596,0.021337412,-0.004063611
216,0.004475213,-0.010442002,0.01654142,-0.004727388,-0.0012481927,-0.013073269,0.0068155355,-0.0098876115,-0.01795103,-0.0021338896,-0.007416579,-0.0046862997,0.0024087713,-0.005914785,-0.01617515,-0.0071282107,0.020176556,0.012192614,0.00032851915
217,0.004475213,-0.010442002,0.01654142,-0.004727388,-0.0012481927,-0.013073269,0.0068155355,-0.0098876115,-0.01795103,-0.0021338896,-0.007416579,-0.0046862997,0.0024087713,-0.005914785,-0.01617515,-0.0071282107,0.020176556,0.012192614,0.00032851915
218,0.004475213,-0.010442002,0.01654142,-0.004727388,-0.0012481927,-0.013073269,0.0068155355,-0.0098876115,-0.01795103,-0.0021338896,-0.007416579,-0.0046862997,0.0024087713,-0.005914785,-0.01617515,-0.0071282107,0.020176556,0.012192614,0.00032851915
219,0.004475213,-0.010442002,0.01654142,-0.004727388,-0.0012481927,-0.013073269,0.0068155355,-0.0098876115,-0.01795103,-0.0021338896,-0.007416579,-0.0046862997,0.0024087713,-0.005914785,-0.01617515,-0.0071282107,0.020176556,0.012192614,0.00032851915
220,0.004475213,-0.010442002,0.01654142,-0.004727388,-0.0012481927,-0.013073269,0.0068155355,-0.0098876115,-0.01795103,-0.0021338896,-0.007416579,-0.0046862997,0.0024087713,-0.005914785,-0.01617515,-0.0071282107,0.020176556,0.012192614,0.00032851915
221,0.004475213,-0.010442002,0.01654142,-0.004727388,-0.0012481927,-0.013073269,0.0068155355,-0.0098876115,-0.01795103,-0.0021338896,-0.007416579,-0.0046862997,0.0024087713,-0.005914785,-0.01617515,-0.0071282107,0.020176556,0.012192614,0.00032851915
222,0.004958727,-0.00946083,0.011272497,-0.010249598,0.009560638,-0.022807471,0.013171812,-0.02293164,-0.019022385,0.003251965,0.004287201,-0.012120786,-0.002922444,-0.005394973,-0.005975707,-0.00500292,0.0022560027,-0.0010076563,0.011574093
223,0.004958727,-0.00946083,0.011272497,-0.010249598,0.009560638,-0.022807471,0.013171812,-0.02293164,-0.019022385,0.003251965,0.004287201,-0.012120786,-0.002922444,-0.005394973,-0.005975707,-0.00500292,0.0022560027,-0.0010076563,0.011574093
224,0.004958727,-0.00946083,0.011272497,-0.010249598,0.009560638,-0.022807471,0.013171812,-0.02293164,-0.019022385,0.003251965,0.004287201,-0.012120786,-0.002922444,-0.005394973,-0.005975707,-0.00500292,0.0022560027,-0.0010076563,0.011574093
225,0.004958727,-0.00946083,0.011272497,-0.010249598,0.009560638,-0.022807471,0.013171812,-0.02293164,-0.019022385,0.003251965,0.004287201,-0.012120786,-0.002922444,-0.005394973,-0.005975707,-0.00500292,0.0022560027,-0.0010076563,0.011574093
226,0.004958727,-0.00946083,0.011272497,-0.010249598,0.009560638,-0.022807471,0.013171812,-0.02293164,-0.019022385,0.003251965,0.004287201,-0.012120786,-0.002922444,-0.005394973,-0.005975707,-0.00500292,0.0022560027,-0.0010076563,0.011574093
227,0.004958727,-0.00946083,0.011272497,-0.010249598,0.009560638,-0.022807471,0.013171812,-0.02293164,-0.019022385,0.003251965,0.004287201,-0.012120786,-0.002922444,-0.005394973,-0.005975707,-0.00500292,0.0022560027,-0.0010076563,0.011574093
228,0.0031407091,-0.0069637853,0.010231194,0.005548085,0.0121033825,0.0003726019,0.0006995207,-0.0019228836,-0.0033562367,-0.005006989,-0.0035313396,-0.0023603337,0.0028364118,-0.0016955647,-0.006686136,-0.007510643,0.015053373,0.009561986,-0.020179033
229,0.0031407091,-0.0069637853,0.010231194,0.005548085,0.0121033825,0.0003726019,0.0006995207,-0.0019228836,-0.0033562367,-0.005006989,-0.0035313396,-0.0023603337,0.0028364118,-0.0016955647,-0.006686136,-0.007510643,0.015053373,0.009561986,-0.020179033
230,0.0031407091,-0.0069637853,0.010231194,0.005548085,0.0121033825,0.0003726019,0.0006995207,-0.0019228836,-0.0033562367,-0.005006989,-0.0035313396,-0.0023603337,0.0028364118,-0.0016955647,-0.006686136,-0.007510643,0.015053373,0.009561986,-0.020179033
231,0.0031407103,-0.0069637867,0.010231196,0.0055480828,0.012103383,0.00037260077,0.00069951976,-0.0019228846,-0.0033562377,-0.0050069904,-0.0035313386,-0.0023603346,0.0028364125,-0.0016955645,-0.006686135,-0.0075106416,0.015053372,0.0095619885,-0.020179033
232,0.0031407103,-0.0069637867,0.010231196,0.0055480828,0.012103383,0.00037260077,0.00069951976,-0.0019228846,-0.0033562377,-0.0050069904,-0.0035313386,-0.0023603346,0.0028364125,-0.0016955645,-0.006686135,-0.0075106416,0.015053372,0.0095619885,-0.020179033
233,0.0031407103,-0.0069637867,0.010231196,0.0055480828,0.012103383,0.00037260077,0.00069951976,-0.0019228846,-0.0033562377,-0.0050069904,-0.0035313386,-0.0023603346,0.0028364125,-0.0016955645,-0.006686135,-0.0075106416,0.015053372,0.0095619885,-0.020179033
